PERMNO,HdrCUSIP,Ticker,PERMCO,DlyCalDt,DlyPrc,DlyRetx
20648,77104910,RBLX,57999,2021-03-10,69.500000,
20648,77104910,RBLX,57999,2021-03-11,73.900000,0.063309
20648,77104910,RBLX,57999,2021-03-12,69.700000,-0.056834
20648,77104910,RBLX,57999,2021-03-15,72.150000,0.035151
20648,77104910,RBLX,57999,2021-03-16,77.000000,0.067221
20648,77104910,RBLX,57999,2021-03-17,76.790000,-0.002727
20648,77104910,RBLX,57999,2021-03-18,67.300000,-0.123584
20648,77104910,RBLX,57999,2021-03-19,70.500000,0.047548
20648,77104910,RBLX,57999,2021-03-22,70.000000,-0.007092
20648,77104910,RBLX,57999,2021-03-23,68.000000,-0.028571
20648,77104910,RBLX,57999,2021-03-24,64.500000,-0.051471
20648,77104910,RBLX,57999,2021-03-25,67.850000,0.051938
20648,77104910,RBLX,57999,2021-03-26,70.970000,0.045984
20648,77104910,RBLX,57999,2021-03-29,67.030000,-0.055516
20648,77104910,RBLX,57999,2021-03-30,65.170000,-0.027749
20648,77104910,RBLX,57999,2021-03-31,64.830000,-0.005217
20648,77104910,RBLX,57999,2021-04-01,67.340000,0.038717
20648,77104910,RBLX,57999,2021-04-05,70.760000,0.050787
20648,77104910,RBLX,57999,2021-04-06,71.320000,0.007914
20648,77104910,RBLX,57999,2021-04-07,68.730000,-0.036315
20648,77104910,RBLX,57999,2021-04-08,70.760000,0.029536
20648,77104910,RBLX,57999,2021-04-09,71.830000,0.015122
20648,77104910,RBLX,57999,2021-04-12,75.000000,0.044132
20648,77104910,RBLX,57999,2021-04-13,82.050000,0.094000
20648,77104910,RBLX,57999,2021-04-14,75.350000,-0.081658
20648,77104910,RBLX,57999,2021-04-15,79.660000,0.057200
20648,77104910,RBLX,57999,2021-04-16,75.850000,-0.047828
20648,77104910,RBLX,57999,2021-04-19,72.000000,-0.050758
20648,77104910,RBLX,57999,2021-04-20,69.240000,-0.038333
20648,77104910,RBLX,57999,2021-04-21,71.760000,0.036395
20648,77104910,RBLX,57999,2021-04-22,69.850000,-0.026616
20648,77104910,RBLX,57999,2021-04-23,71.780000,0.027631
20648,77104910,RBLX,57999,2021-04-26,74.900000,0.043466
20648,77104910,RBLX,57999,2021-04-27,74.350000,-0.007343
20648,77104910,RBLX,57999,2021-04-28,75.640000,0.017350
20648,77104910,RBLX,57999,2021-04-29,76.120000,0.006346
20648,77104910,RBLX,57999,2021-04-30,74.550000,-0.020625
20648,77104910,RBLX,57999,2021-05-03,71.080000,-0.046546
20648,77104910,RBLX,57999,2021-05-04,69.620000,-0.020540
20648,77104910,RBLX,57999,2021-05-05,66.590000,-0.043522
20648,77104910,RBLX,57999,2021-05-06,65.060000,-0.022976
20648,77104910,RBLX,57999,2021-05-07,67.900000,0.043652
20648,77104910,RBLX,57999,2021-05-10,64.000000,-0.057437
20648,77104910,RBLX,57999,2021-05-11,77.650000,0.213281
20648,77104910,RBLX,57999,2021-05-12,75.530000,-0.027302
20648,77104910,RBLX,57999,2021-05-13,69.680000,-0.077453
20648,77104910,RBLX,57999,2021-05-14,70.950000,0.018226
20648,77104910,RBLX,57999,2021-05-17,76.930000,0.084285
20648,77104910,RBLX,57999,2021-05-18,74.990000,-0.025218
20648,77104910,RBLX,57999,2021-05-19,75.220000,0.003067
20648,77104910,RBLX,57999,2021-05-20,76.330000,0.014757
20648,77104910,RBLX,57999,2021-05-21,82.500000,0.080833
20648,77104910,RBLX,57999,2021-05-24,89.230000,0.081576
20648,77104910,RBLX,57999,2021-05-25,89.320000,0.001009
20648,77104910,RBLX,57999,2021-05-26,89.710000,0.004366
20648,77104910,RBLX,57999,2021-05-27,97.470000,0.086501
20648,77104910,RBLX,57999,2021-05-28,93.770000,-0.037960
20648,77104910,RBLX,57999,2021-06-01,96.890000,0.033273
20648,77104910,RBLX,57999,2021-06-02,99.860000,0.030653
20648,77104910,RBLX,57999,2021-06-03,96.500000,-0.033647
20648,77104910,RBLX,57999,2021-06-04,99.570000,0.031813
20648,77104910,RBLX,57999,2021-06-07,93.440000,-0.061565
20648,77104910,RBLX,57999,2021-06-08,91.410000,-0.021725
20648,77104910,RBLX,57999,2021-06-09,91.040000,-0.004048
20648,77104910,RBLX,57999,2021-06-10,91.000000,-0.000439
20648,77104910,RBLX,57999,2021-06-11,92.820000,0.020000
20648,77104910,RBLX,57999,2021-06-14,87.800000,-0.054083
20648,77104910,RBLX,57999,2021-06-15,89.800000,0.022779
20648,77104910,RBLX,57999,2021-06-16,82.590000,-0.080290
20648,77104910,RBLX,57999,2021-06-17,82.980000,0.004722
20648,77104910,RBLX,57999,2021-06-18,81.140000,-0.022174
20648,77104910,RBLX,57999,2021-06-21,82.510000,0.016884
20648,77104910,RBLX,57999,2021-06-22,82.440000,-0.000848
20648,77104910,RBLX,57999,2021-06-23,84.860000,0.029355
20648,77104910,RBLX,57999,2021-06-24,87.340000,0.029225
20648,77104910,RBLX,57999,2021-06-25,87.000000,-0.003893
20648,77104910,RBLX,57999,2021-06-28,93.040000,0.069425
20648,77104910,RBLX,57999,2021-06-29,92.600000,-0.004729
20648,77104910,RBLX,57999,2021-06-30,89.980000,-0.028294
20648,77104910,RBLX,57999,2021-07-01,85.820000,-0.046232
20648,77104910,RBLX,57999,2021-07-02,86.200000,0.004428
20648,77104910,RBLX,57999,2021-07-06,86.980000,0.009049
20648,77104910,RBLX,57999,2021-07-07,86.400000,-0.006668
20648,77104910,RBLX,57999,2021-07-08,86.880000,0.005556
20648,77104910,RBLX,57999,2021-07-09,86.260000,-0.007136
20648,77104910,RBLX,57999,2021-07-12,86.540000,0.003246
20648,77104910,RBLX,57999,2021-07-13,84.020000,-0.029119
20648,77104910,RBLX,57999,2021-07-14,79.170000,-0.057724
20648,77104910,RBLX,57999,2021-07-15,77.280000,-0.023873
20648,77104910,RBLX,57999,2021-07-16,77.560000,0.003623
20648,77104910,RBLX,57999,2021-07-19,79.240000,0.021661
20648,77104910,RBLX,57999,2021-07-20,79.860000,0.007824
20648,77104910,RBLX,57999,2021-07-21,79.910000,0.000626
20648,77104910,RBLX,57999,2021-07-22,82.030000,0.026530
20648,77104910,RBLX,57999,2021-07-23,81.830000,-0.002438
20648,77104910,RBLX,57999,2021-07-26,77.630000,-0.051326
20648,77104910,RBLX,57999,2021-07-27,76.190000,-0.018550
20648,77104910,RBLX,57999,2021-07-28,79.130000,0.038588
20648,77104910,RBLX,57999,2021-07-29,76.850000,-0.028813
20648,77104910,RBLX,57999,2021-07-30,76.980000,0.001692
20648,77104910,RBLX,57999,2021-08-02,78.310000,0.017277
20648,77104910,RBLX,57999,2021-08-03,77.490000,-0.010471
20648,77104910,RBLX,57999,2021-08-04,81.650000,0.053684
20648,77104910,RBLX,57999,2021-08-05,80.570000,-0.013227
20648,77104910,RBLX,57999,2021-08-06,77.920000,-0.032891
20648,77104910,RBLX,57999,2021-08-09,85.510000,0.097408
20648,77104910,RBLX,57999,2021-08-10,85.080000,-0.005029
20648,77104910,RBLX,57999,2021-08-11,84.690000,-0.004584
20648,77104910,RBLX,57999,2021-08-12,82.650000,-0.024088
20648,77104910,RBLX,57999,2021-08-13,83.960000,0.015850
20648,77104910,RBLX,57999,2021-08-16,79.570000,-0.052287
20648,77104910,RBLX,57999,2021-08-17,78.680000,-0.011185
20648,77104910,RBLX,57999,2021-08-18,83.460000,0.060752
20648,77104910,RBLX,57999,2021-08-19,81.350000,-0.025282
20648,77104910,RBLX,57999,2021-08-20,82.770000,0.017455
20648,77104910,RBLX,57999,2021-08-23,85.060000,0.027667
20648,77104910,RBLX,57999,2021-08-24,89.260000,0.049377
20648,77104910,RBLX,57999,2021-08-25,90.340000,0.012099
20648,77104910,RBLX,57999,2021-08-26,85.810000,-0.050144
20648,77104910,RBLX,57999,2021-08-27,85.400000,-0.004778
20648,77104910,RBLX,57999,2021-08-30,81.870000,-0.041335
20648,77104910,RBLX,57999,2021-08-31,82.050000,0.002199
20648,77104910,RBLX,57999,2021-09-01,84.450000,0.029250
20648,77104910,RBLX,57999,2021-09-02,84.600000,0.001776
20648,77104910,RBLX,57999,2021-09-03,82.870000,-0.020449
20648,77104910,RBLX,57999,2021-09-07,84.970000,0.025341
20648,77104910,RBLX,57999,2021-09-08,83.510000,-0.017183
20648,77104910,RBLX,57999,2021-09-09,86.350000,0.034008
20648,77104910,RBLX,57999,2021-09-10,87.880000,0.017719
20648,77104910,RBLX,57999,2021-09-13,84.650000,-0.036755
20648,77104910,RBLX,57999,2021-09-14,82.330000,-0.027407
20648,77104910,RBLX,57999,2021-09-15,82.150000,-0.002186
20648,77104910,RBLX,57999,2021-09-16,81.420000,-0.008886
20648,77104910,RBLX,57999,2021-09-17,80.810000,-0.007492
20648,77104910,RBLX,57999,2021-09-20,77.770000,-0.037619
20648,77104910,RBLX,57999,2021-09-21,78.850000,0.013887
20648,77104910,RBLX,57999,2021-09-22,81.180000,0.029550
20648,77104910,RBLX,57999,2021-09-23,82.280000,0.013550
20648,77104910,RBLX,57999,2021-09-24,83.220000,0.011424
20648,77104910,RBLX,57999,2021-09-27,79.990000,-0.038813
20648,77104910,RBLX,57999,2021-09-28,77.050000,-0.036755
20648,77104910,RBLX,57999,2021-09-29,76.310000,-0.009604
20648,77104910,RBLX,57999,2021-09-30,75.550000,-0.009959
20648,77104910,RBLX,57999,2021-10-01,75.590000,0.000529
20648,77104910,RBLX,57999,2021-10-04,77.800000,0.029237
20648,77104910,RBLX,57999,2021-10-05,72.570000,-0.067224
20648,77104910,RBLX,57999,2021-10-06,73.700000,0.015571
20648,77104910,RBLX,57999,2021-10-07,74.800000,0.014925
20648,77104910,RBLX,57999,2021-10-08,70.440000,-0.058289
20648,77104910,RBLX,57999,2021-10-11,70.220000,-0.003123
20648,77104910,RBLX,57999,2021-10-12,71.900000,0.023925
20648,77104910,RBLX,57999,2021-10-13,74.780000,0.040056
20648,77104910,RBLX,57999,2021-10-14,74.350000,-0.005750
20648,77104910,RBLX,57999,2021-10-15,76.580000,0.029993
20648,77104910,RBLX,57999,2021-10-18,77.800000,0.015931
20648,77104910,RBLX,57999,2021-10-19,79.170000,0.017609
20648,77104910,RBLX,57999,2021-10-20,78.580000,-0.007452
20648,77104910,RBLX,57999,2021-10-21,83.190000,0.058666
20648,77104910,RBLX,57999,2021-10-22,83.980000,0.009496
20648,77104910,RBLX,57999,2021-10-25,83.210000,-0.009169
20648,77104910,RBLX,57999,2021-10-26,80.890000,-0.027881
20648,77104910,RBLX,57999,2021-10-27,80.680000,-0.002596
20648,77104910,RBLX,57999,2021-10-28,82.750000,0.025657
20648,77104910,RBLX,57999,2021-10-29,84.020000,0.015347
20648,77104910,RBLX,57999,2021-11-01,81.140000,-0.034278
20648,77104910,RBLX,57999,2021-11-02,79.590000,-0.019103
20648,77104910,RBLX,57999,2021-11-03,78.360000,-0.015454
20648,77104910,RBLX,57999,2021-11-04,82.530000,0.053216
20648,77104910,RBLX,57999,2021-11-05,77.990000,-0.055010
20648,77104910,RBLX,57999,2021-11-08,77.000000,-0.012694
20648,77104910,RBLX,57999,2021-11-09,109.520000,0.422338
20648,77104910,RBLX,57999,2021-11-10,95.260000,-0.130205
20648,77104910,RBLX,57999,2021-11-11,98.120000,0.030023
20648,77104910,RBLX,57999,2021-11-12,107.580000,0.096413
20648,77104910,RBLX,57999,2021-11-15,108.060000,0.004462
20648,77104910,RBLX,57999,2021-11-16,116.180000,0.075143
20648,77104910,RBLX,57999,2021-11-17,124.700000,0.073334
20648,77104910,RBLX,57999,2021-11-18,126.120000,0.011387
20648,77104910,RBLX,57999,2021-11-19,134.720000,0.068189
20648,77104910,RBLX,57999,2021-11-22,120.220000,-0.107631
20648,77104910,RBLX,57999,2021-11-23,114.870000,-0.044502
20648,77104910,RBLX,57999,2021-11-24,124.230000,0.081483
20648,77104910,RBLX,57999,2021-11-26,122.650000,-0.012718
20648,77104910,RBLX,57999,2021-11-29,129.360000,0.054709
20648,77104910,RBLX,57999,2021-11-30,126.100000,-0.025201
20648,77104910,RBLX,57999,2021-12-01,113.410000,-0.100634
20648,77104910,RBLX,57999,2021-12-02,116.920000,0.030950
20648,77104910,RBLX,57999,2021-12-03,113.790000,-0.026770
20648,77104910,RBLX,57999,2021-12-06,113.250000,-0.004746
20648,77104910,RBLX,57999,2021-12-07,115.990000,0.024194
20648,77104910,RBLX,57999,2021-12-08,124.780000,0.075782
20648,77104910,RBLX,57999,2021-12-09,116.300000,-0.067960
20648,77104910,RBLX,57999,2021-12-10,115.890000,-0.003525
20648,77104910,RBLX,57999,2021-12-13,111.770000,-0.035551
20648,77104910,RBLX,57999,2021-12-14,107.670000,-0.036682
20648,77104910,RBLX,57999,2021-12-15,97.950000,-0.090276
20648,77104910,RBLX,57999,2021-12-16,95.210000,-0.027973
20648,77104910,RBLX,57999,2021-12-17,102.400000,0.075517
20648,77104910,RBLX,57999,2021-12-20,98.690000,-0.036230
20648,77104910,RBLX,57999,2021-12-21,102.590000,0.039518
20648,77104910,RBLX,57999,2021-12-22,102.770000,0.001755
20648,77104910,RBLX,57999,2021-12-23,101.820000,-0.009244
20648,77104910,RBLX,57999,2021-12-27,105.010000,0.031330
20648,77104910,RBLX,57999,2021-12-28,98.740000,-0.059709
20648,77104910,RBLX,57999,2021-12-29,97.340000,-0.014179
20648,77104910,RBLX,57999,2021-12-30,100.530000,0.032772
20648,77104910,RBLX,57999,2021-12-31,103.160000,0.026161
20648,77104910,RBLX,57999,2022-01-03,98.810000,-0.042168
20648,77104910,RBLX,57999,2022-01-04,95.150000,-0.037041
20648,77104910,RBLX,57999,2022-01-05,88.540000,-0.069469
20648,77104910,RBLX,57999,2022-01-06,89.200000,0.007454
20648,77104910,RBLX,57999,2022-01-07,84.370000,-0.054148
20648,77104910,RBLX,57999,2022-01-10,85.520000,0.013630
20648,77104910,RBLX,57999,2022-01-11,89.040000,0.041160
20648,77104910,RBLX,57999,2022-01-12,89.060000,0.000225
20648,77104910,RBLX,57999,2022-01-13,80.180000,-0.099708
20648,77104910,RBLX,57999,2022-01-14,79.050000,-0.014093
20648,77104910,RBLX,57999,2022-01-18,77.210000,-0.023276
20648,77104910,RBLX,57999,2022-01-19,76.160000,-0.013599
20648,77104910,RBLX,57999,2022-01-20,75.390000,-0.010110
20648,77104910,RBLX,57999,2022-01-21,68.930000,-0.085688
20648,77104910,RBLX,57999,2022-01-24,70.740000,0.026259
20648,77104910,RBLX,57999,2022-01-25,65.290000,-0.077043
20648,77104910,RBLX,57999,2022-01-26,63.020000,-0.034768
20648,77104910,RBLX,57999,2022-01-27,57.060000,-0.094573
20648,77104910,RBLX,57999,2022-01-28,58.180000,0.019628
20648,77104910,RBLX,57999,2022-01-31,65.860000,0.132004
20648,77104910,RBLX,57999,2022-02-01,67.750000,0.028697
20648,77104910,RBLX,57999,2022-02-02,66.170000,-0.023321
20648,77104910,RBLX,57999,2022-02-03,60.670000,-0.083119
20648,77104910,RBLX,57999,2022-02-04,63.740000,0.050602
20648,77104910,RBLX,57999,2022-02-07,63.060000,-0.010668
20648,77104910,RBLX,57999,2022-02-08,64.430000,0.021725
20648,77104910,RBLX,57999,2022-02-09,70.480000,0.093900
20648,77104910,RBLX,57999,2022-02-10,69.920000,-0.007946
20648,77104910,RBLX,57999,2022-02-11,66.810000,-0.044479
20648,77104910,RBLX,57999,2022-02-14,68.320000,0.022601
20648,77104910,RBLX,57999,2022-02-15,73.300000,0.072892
20648,77104910,RBLX,57999,2022-02-16,53.870000,-0.265075
20648,77104910,RBLX,57999,2022-02-17,54.490000,0.011509
20648,77104910,RBLX,57999,2022-02-18,49.720000,-0.087539
20648,77104910,RBLX,57999,2022-02-22,48.210000,-0.030370
20648,77104910,RBLX,57999,2022-02-23,45.680000,-0.052479
20648,77104910,RBLX,57999,2022-02-24,50.100000,0.096760
20648,77104910,RBLX,57999,2022-02-25,50.050000,-0.000998
20648,77104910,RBLX,57999,2022-02-28,51.570000,0.030370
20648,77104910,RBLX,57999,2022-03-01,50.220000,-0.026178
20648,77104910,RBLX,57999,2022-03-02,48.450000,-0.035245
20648,77104910,RBLX,57999,2022-03-03,45.240000,-0.066254
20648,77104910,RBLX,57999,2022-03-04,42.290000,-0.065208
20648,77104910,RBLX,57999,2022-03-07,41.300000,-0.023410
20648,77104910,RBLX,57999,2022-03-08,41.910000,0.014770
20648,77104910,RBLX,57999,2022-03-09,44.380000,0.058936
20648,77104910,RBLX,57999,2022-03-10,41.470000,-0.065570
20648,77104910,RBLX,57999,2022-03-11,39.240000,-0.053774
20648,77104910,RBLX,57999,2022-03-14,36.680000,-0.065240
20648,77104910,RBLX,57999,2022-03-15,37.870000,0.032443
20648,77104910,RBLX,57999,2022-03-16,41.510000,0.096118
20648,77104910,RBLX,57999,2022-03-17,46.350000,0.116598
20648,77104910,RBLX,57999,2022-03-18,49.620000,0.070550
20648,77104910,RBLX,57999,2022-03-21,46.620000,-0.060459
20648,77104910,RBLX,57999,2022-03-22,50.510000,0.083441
20648,77104910,RBLX,57999,2022-03-23,50.710000,0.003960
20648,77104910,RBLX,57999,2022-03-24,50.790000,0.001578
20648,77104910,RBLX,57999,2022-03-25,47.070000,-0.073243
20648,77104910,RBLX,57999,2022-03-28,48.400000,0.028256
20648,77104910,RBLX,57999,2022-03-29,50.920000,0.052066
20648,77104910,RBLX,57999,2022-03-30,48.120000,-0.054988
20648,77104910,RBLX,57999,2022-03-31,46.240000,-0.039069
20648,77104910,RBLX,57999,2022-04-01,46.020000,-0.004758
20648,77104910,RBLX,57999,2022-04-04,50.020000,0.086919
20648,77104910,RBLX,57999,2022-04-05,49.030000,-0.019792
20648,77104910,RBLX,57999,2022-04-06,45.890000,-0.064042
20648,77104910,RBLX,57999,2022-04-07,44.730000,-0.025278
20648,77104910,RBLX,57999,2022-04-08,43.100000,-0.036441
20648,77104910,RBLX,57999,2022-04-11,44.020000,0.021346
20648,77104910,RBLX,57999,2022-04-12,43.000000,-0.023171
20648,77104910,RBLX,57999,2022-04-13,44.970000,0.045814
20648,77104910,RBLX,57999,2022-04-14,42.360000,-0.058039
20648,77104910,RBLX,57999,2022-04-18,40.850000,-0.035647
20648,77104910,RBLX,57999,2022-04-19,42.000000,0.028152
20648,77104910,RBLX,57999,2022-04-20,36.750000,-0.125000
20648,77104910,RBLX,57999,2022-04-21,34.610000,-0.058231
20648,77104910,RBLX,57999,2022-04-22,34.350000,-0.007512
20648,77104910,RBLX,57999,2022-04-25,34.610000,0.007569
20648,77104910,RBLX,57999,2022-04-26,31.760000,-0.082346
20648,77104910,RBLX,57999,2022-04-27,30.360000,-0.044081
20648,77104910,RBLX,57999,2022-04-28,32.110000,0.057642
20648,77104910,RBLX,57999,2022-04-29,30.650000,-0.045469
20648,77104910,RBLX,57999,2022-05-02,32.680000,0.066232
20648,77104910,RBLX,57999,2022-05-03,33.100000,0.012852
20648,77104910,RBLX,57999,2022-05-04,34.880000,0.053776
20648,77104910,RBLX,57999,2022-05-05,30.440000,-0.127294
20648,77104910,RBLX,57999,2022-05-06,27.810000,-0.086399
20648,77104910,RBLX,57999,2022-05-09,24.610000,-0.115067
20648,77104910,RBLX,57999,2022-05-10,23.190000,-0.057700
20648,77104910,RBLX,57999,2022-05-11,23.970000,0.033635
20648,77104910,RBLX,57999,2022-05-12,28.580000,0.192324
20648,77104910,RBLX,57999,2022-05-13,32.970000,0.153604
20648,77104910,RBLX,57999,2022-05-16,32.140000,-0.025174
20648,77104910,RBLX,57999,2022-05-17,31.940000,-0.006223
20648,77104910,RBLX,57999,2022-05-18,32.550000,0.019098
20648,77104910,RBLX,57999,2022-05-19,34.350000,0.055300
20648,77104910,RBLX,57999,2022-05-20,31.600000,-0.080058
20648,77104910,RBLX,57999,2022-05-23,30.060000,-0.048734
20648,77104910,RBLX,57999,2022-05-24,27.070000,-0.099468
20648,77104910,RBLX,57999,2022-05-25,28.930000,0.068711
20648,77104910,RBLX,57999,2022-05-26,30.590000,0.057380
20648,77104910,RBLX,57999,2022-05-27,31.810000,0.039882
20648,77104910,RBLX,57999,2022-05-31,29.940000,-0.058787
20648,77104910,RBLX,57999,2022-06-01,28.940000,-0.033400
20648,77104910,RBLX,57999,2022-06-02,33.480000,0.156876
20648,77104910,RBLX,57999,2022-06-03,30.000000,-0.103943
20648,77104910,RBLX,57999,2022-06-06,31.160000,0.038667
20648,77104910,RBLX,57999,2022-06-07,31.440000,0.008986
20648,77104910,RBLX,57999,2022-06-08,32.830000,0.044211
20648,77104910,RBLX,57999,2022-06-09,30.500000,-0.070972
20648,77104910,RBLX,57999,2022-06-10,27.760000,-0.089836
20648,77104910,RBLX,57999,2022-06-13,26.460000,-0.046830
20648,77104910,RBLX,57999,2022-06-14,26.120000,-0.012850
20648,77104910,RBLX,57999,2022-06-15,28.900000,0.106432
20648,77104910,RBLX,57999,2022-06-16,24.690000,-0.145675
20648,77104910,RBLX,57999,2022-06-17,26.870000,0.088295
20648,77104910,RBLX,57999,2022-06-21,29.640000,0.103089
20648,77104910,RBLX,57999,2022-06-22,31.120000,0.049933
20648,77104910,RBLX,57999,2022-06-23,34.480000,0.107969
20648,77104910,RBLX,57999,2022-06-24,36.420000,0.056265
20648,77104910,RBLX,57999,2022-06-27,35.930000,-0.013454
20648,77104910,RBLX,57999,2022-06-28,34.490000,-0.040078
20648,77104910,RBLX,57999,2022-06-29,34.020000,-0.013627
20648,77104910,RBLX,57999,2022-06-30,32.860000,-0.034098
20648,77104910,RBLX,57999,2022-07-01,35.070000,0.067255
20648,77104910,RBLX,57999,2022-07-05,39.990000,0.140291
20648,77104910,RBLX,57999,2022-07-06,37.950000,-0.051013
20648,77104910,RBLX,57999,2022-07-07,39.520000,0.041370
20648,77104910,RBLX,57999,2022-07-08,41.250000,0.043775
20648,77104910,RBLX,57999,2022-07-11,38.410000,-0.068848
20648,77104910,RBLX,57999,2022-07-12,38.220000,-0.004947
20648,77104910,RBLX,57999,2022-07-13,37.080000,-0.029827
20648,77104910,RBLX,57999,2022-07-14,37.490000,0.011057
20648,77104910,RBLX,57999,2022-07-15,39.770000,0.060816
20648,77104910,RBLX,57999,2022-07-18,39.750000,-0.000503
20648,77104910,RBLX,57999,2022-07-19,39.850000,0.002516
20648,77104910,RBLX,57999,2022-07-20,40.760000,0.022836
20648,77104910,RBLX,57999,2022-07-21,41.920000,0.028459
20648,77104910,RBLX,57999,2022-07-22,39.400000,-0.060115
20648,77104910,RBLX,57999,2022-07-25,39.840000,0.011168
20648,77104910,RBLX,57999,2022-07-26,39.000000,-0.021084
20648,77104910,RBLX,57999,2022-07-27,41.950000,0.075641
20648,77104910,RBLX,57999,2022-07-28,42.980000,0.024553
20648,77104910,RBLX,57999,2022-07-29,42.930000,-0.001163
20648,77104910,RBLX,57999,2022-08-01,45.240000,0.053809
20648,77104910,RBLX,57999,2022-08-02,45.290000,0.001105
20648,77104910,RBLX,57999,2022-08-03,47.000000,0.037757
20648,77104910,RBLX,57999,2022-08-04,47.960000,0.020426
20648,77104910,RBLX,57999,2022-08-05,49.240000,0.026689
20648,77104910,RBLX,57999,2022-08-08,48.900000,-0.006905
20648,77104910,RBLX,57999,2022-08-09,47.350000,-0.031697
20648,77104910,RBLX,57999,2022-08-10,48.010000,0.013939
20648,77104910,RBLX,57999,2022-08-11,49.560000,0.032285
20648,77104910,RBLX,57999,2022-08-12,51.150000,0.032082
20648,77104910,RBLX,57999,2022-08-15,48.960000,-0.042815
20648,77104910,RBLX,57999,2022-08-16,47.760000,-0.024510
20648,77104910,RBLX,57999,2022-08-17,46.100000,-0.034757
20648,77104910,RBLX,57999,2022-08-18,45.090000,-0.021909
20648,77104910,RBLX,57999,2022-08-19,42.680000,-0.053449
20648,77104910,RBLX,57999,2022-08-22,41.500000,-0.027648
20648,77104910,RBLX,57999,2022-08-23,41.070000,-0.010361
20648,77104910,RBLX,57999,2022-08-24,41.180000,0.002678
20648,77104910,RBLX,57999,2022-08-25,41.470000,0.007042
20648,77104910,RBLX,57999,2022-08-26,39.560000,-0.046057
20648,77104910,RBLX,57999,2022-08-29,39.220000,-0.008595
20648,77104910,RBLX,57999,2022-08-30,39.030000,-0.004844
20648,77104910,RBLX,57999,2022-08-31,39.110000,0.002050
20648,77104910,RBLX,57999,2022-09-01,38.510000,-0.015341
20648,77104910,RBLX,57999,2022-09-02,37.940000,-0.014801
20648,77104910,RBLX,57999,2022-09-06,37.910000,-0.000791
20648,77104910,RBLX,57999,2022-09-07,39.940000,0.053548
20648,77104910,RBLX,57999,2022-09-08,41.860000,0.048072
20648,77104910,RBLX,57999,2022-09-09,45.530000,0.087673
20648,77104910,RBLX,57999,2022-09-12,46.570000,0.022842
20648,77104910,RBLX,57999,2022-09-13,43.870000,-0.057977
20648,77104910,RBLX,57999,2022-09-14,45.070000,0.027354
20648,77104910,RBLX,57999,2022-09-15,43.500000,-0.034835
20648,77104910,RBLX,57999,2022-09-16,39.500000,-0.091954
20648,77104910,RBLX,57999,2022-09-19,37.110000,-0.060506
20648,77104910,RBLX,57999,2022-09-20,36.410000,-0.018863
20648,77104910,RBLX,57999,2022-09-21,35.810000,-0.016479
20648,77104910,RBLX,57999,2022-09-22,35.260000,-0.015359
20648,77104910,RBLX,57999,2022-09-23,35.540000,0.007941
20648,77104910,RBLX,57999,2022-09-26,35.550000,0.000281
20648,77104910,RBLX,57999,2022-09-27,36.590000,0.029255
20648,77104910,RBLX,57999,2022-09-28,38.040000,0.039628
20648,77104910,RBLX,57999,2022-09-29,35.380000,-0.069926
20648,77104910,RBLX,57999,2022-09-30,35.840000,0.013002
20648,77104910,RBLX,57999,2022-10-03,36.410000,0.015904
20648,77104910,RBLX,57999,2022-10-04,38.680000,0.062346
20648,77104910,RBLX,57999,2022-10-05,38.000000,-0.017580
20648,77104910,RBLX,57999,2022-10-06,39.150000,0.030263
20648,77104910,RBLX,57999,2022-10-07,34.820000,-0.110600
20648,77104910,RBLX,57999,2022-10-10,35.400000,0.016657
20648,77104910,RBLX,57999,2022-10-11,34.560000,-0.023729
20648,77104910,RBLX,57999,2022-10-12,37.190000,0.076100
20648,77104910,RBLX,57999,2022-10-13,37.920000,0.019629
20648,77104910,RBLX,57999,2022-10-14,35.560000,-0.062236
20648,77104910,RBLX,57999,2022-10-17,42.610000,0.198256
20648,77104910,RBLX,57999,2022-10-18,43.380000,0.018071
20648,77104910,RBLX,57999,2022-10-19,41.440000,-0.044721
20648,77104910,RBLX,57999,2022-10-20,42.570000,0.027268
20648,77104910,RBLX,57999,2022-10-21,42.810000,0.005638
20648,77104910,RBLX,57999,2022-10-24,41.850000,-0.022425
20648,77104910,RBLX,57999,2022-10-25,45.710000,0.092234
20648,77104910,RBLX,57999,2022-10-26,45.500000,-0.004594
20648,77104910,RBLX,57999,2022-10-27,46.500000,0.021978
20648,77104910,RBLX,57999,2022-10-28,45.780000,-0.015484
20648,77104910,RBLX,57999,2022-10-31,44.740000,-0.022717
20648,77104910,RBLX,57999,2022-11-01,44.310000,-0.009611
20648,77104910,RBLX,57999,2022-11-02,42.870000,-0.032498
20648,77104910,RBLX,57999,2022-11-03,43.300000,0.010030
20648,77104910,RBLX,57999,2022-11-04,40.580000,-0.062818
20648,77104910,RBLX,57999,2022-11-07,39.820000,-0.018728
20648,77104910,RBLX,57999,2022-11-08,39.140000,-0.017077
20648,77104910,RBLX,57999,2022-11-09,30.920000,-0.210015
20648,77104910,RBLX,57999,2022-11-10,33.730000,0.090880
20648,77104910,RBLX,57999,2022-11-11,36.740000,0.089238
20648,77104910,RBLX,57999,2022-11-14,35.600000,-0.031029
20648,77104910,RBLX,57999,2022-11-15,36.730000,0.031742
20648,77104910,RBLX,57999,2022-11-16,34.410000,-0.063164
20648,77104910,RBLX,57999,2022-11-17,32.530000,-0.054635
20648,77104910,RBLX,57999,2022-11-18,31.720000,-0.024900
20648,77104910,RBLX,57999,2022-11-21,30.770000,-0.029950
20648,77104910,RBLX,57999,2022-11-22,30.840000,0.002275
20648,77104910,RBLX,57999,2022-11-23,32.000000,0.037613
20648,77104910,RBLX,57999,2022-11-25,31.760000,-0.007500
20648,77104910,RBLX,57999,2022-11-28,30.880000,-0.027708
20648,77104910,RBLX,57999,2022-11-29,29.830000,-0.034003
20648,77104910,RBLX,57999,2022-11-30,31.770000,0.065035
20648,77104910,RBLX,57999,2022-12-01,33.390000,0.050992
20648,77104910,RBLX,57999,2022-12-02,33.990000,0.017969
20648,77104910,RBLX,57999,2022-12-05,31.240000,-0.080906
20648,77104910,RBLX,57999,2022-12-06,30.650000,-0.018886
20648,77104910,RBLX,57999,2022-12-07,30.770000,0.003915
20648,77104910,RBLX,57999,2022-12-08,31.930000,0.037699
20648,77104910,RBLX,57999,2022-12-09,31.650000,-0.008769
20648,77104910,RBLX,57999,2022-12-12,33.320000,0.052765
20648,77104910,RBLX,57999,2022-12-13,32.250000,-0.032113
20648,77104910,RBLX,57999,2022-12-14,33.130000,0.027287
20648,77104910,RBLX,57999,2022-12-15,27.910000,-0.157561
20648,77104910,RBLX,57999,2022-12-16,27.620000,-0.010391
20648,77104910,RBLX,57999,2022-12-19,27.190000,-0.015568
20648,77104910,RBLX,57999,2022-12-20,27.580000,0.014344
20648,77104910,RBLX,57999,2022-12-21,28.090000,0.018492
20648,77104910,RBLX,57999,2022-12-22,26.430000,-0.059096
20648,77104910,RBLX,57999,2022-12-23,26.750000,0.012107
20648,77104910,RBLX,57999,2022-12-27,26.330000,-0.015701
20648,77104910,RBLX,57999,2022-12-28,26.160000,-0.006457
20648,77104910,RBLX,57999,2022-12-29,27.090000,0.035550
20648,77104910,RBLX,57999,2022-12-30,28.460000,0.050572
20648,77104910,RBLX,57999,2023-01-03,27.850000,-0.021434
20648,77104910,RBLX,57999,2023-01-04,29.040000,0.042729
20648,77104910,RBLX,57999,2023-01-05,29.980000,0.032369
20648,77104910,RBLX,57999,2023-01-06,28.880000,-0.036691
20648,77104910,RBLX,57999,2023-01-09,30.770000,0.065443
20648,77104910,RBLX,57999,2023-01-10,32.010000,0.040299
20648,77104910,RBLX,57999,2023-01-11,32.900000,0.027804
20648,77104910,RBLX,57999,2023-01-12,33.180000,0.008511
20648,77104910,RBLX,57999,2023-01-13,33.210000,0.000904
20648,77104910,RBLX,57999,2023-01-17,37.120000,0.117736
20648,77104910,RBLX,57999,2023-01-18,35.760000,-0.036638
20648,77104910,RBLX,57999,2023-01-19,33.410000,-0.065716
20648,77104910,RBLX,57999,2023-01-20,35.380000,0.058964
20648,77104910,RBLX,57999,2023-01-23,36.510000,0.031939
20648,77104910,RBLX,57999,2023-01-24,35.590000,-0.025199
20648,77104910,RBLX,57999,2023-01-25,35.700000,0.003091
20648,77104910,RBLX,57999,2023-01-26,35.970000,0.007563
20648,77104910,RBLX,57999,2023-01-27,37.750000,0.049486
20648,77104910,RBLX,57999,2023-01-30,35.530000,-0.058808
20648,77104910,RBLX,57999,2023-01-31,37.210000,0.047284
20648,77104910,RBLX,57999,2023-02-01,38.240000,0.027681
20648,77104910,RBLX,57999,2023-02-02,40.480000,0.058577
20648,77104910,RBLX,57999,2023-02-03,38.540000,-0.047925
20648,77104910,RBLX,57999,2023-02-06,38.990000,0.011676
20648,77104910,RBLX,57999,2023-02-07,38.670000,-0.008207
20648,77104910,RBLX,57999,2023-02-08,37.510000,-0.029997
20648,77104910,RBLX,57999,2023-02-09,36.400000,-0.029592
20648,77104910,RBLX,57999,2023-02-10,34.820000,-0.043407
20648,77104910,RBLX,57999,2023-02-13,34.430000,-0.011200
20648,77104910,RBLX,57999,2023-02-14,35.670000,0.036015
20648,77104910,RBLX,57999,2023-02-15,45.080000,0.263807
20648,77104910,RBLX,57999,2023-02-16,43.580000,-0.033274
20648,77104910,RBLX,57999,2023-02-17,40.880000,-0.061955
20648,77104910,RBLX,57999,2023-02-21,37.560000,-0.081213
20648,77104910,RBLX,57999,2023-02-22,37.550000,-0.000266
20648,77104910,RBLX,57999,2023-02-23,37.380000,-0.004527
20648,77104910,RBLX,57999,2023-02-24,36.960000,-0.011236
20648,77104910,RBLX,57999,2023-02-27,36.650000,-0.008387
20648,77104910,RBLX,57999,2023-02-28,36.640000,-0.000273
20648,77104910,RBLX,57999,2023-03-01,37.480000,0.022926
20648,77104910,RBLX,57999,2023-03-02,39.230000,0.046692
20648,77104910,RBLX,57999,2023-03-03,41.370000,0.054550
20648,77104910,RBLX,57999,2023-03-06,40.570000,-0.019338
20648,77104910,RBLX,57999,2023-03-07,41.570000,0.024649
20648,77104910,RBLX,57999,2023-03-08,41.350000,-0.005292
20648,77104910,RBLX,57999,2023-03-09,39.940000,-0.034099
20648,77104910,RBLX,57999,2023-03-10,40.050000,0.002754
20648,77104910,RBLX,57999,2023-03-13,41.410000,0.033958
20648,77104910,RBLX,57999,2023-03-14,43.190000,0.042985
20648,77104910,RBLX,57999,2023-03-15,42.720000,-0.010882
20648,77104910,RBLX,57999,2023-03-16,45.330000,0.061096
20648,77104910,RBLX,57999,2023-03-17,43.690000,-0.036179
20648,77104910,RBLX,57999,2023-03-20,43.360000,-0.007553
20648,77104910,RBLX,57999,2023-03-21,44.740000,0.031827
20648,77104910,RBLX,57999,2023-03-22,42.850000,-0.042244
20648,77104910,RBLX,57999,2023-03-23,42.070000,-0.018203
20648,77104910,RBLX,57999,2023-03-24,43.430000,0.032327
20648,77104910,RBLX,57999,2023-03-27,42.270000,-0.026710
20648,77104910,RBLX,57999,2023-03-28,41.850000,-0.009936
20648,77104910,RBLX,57999,2023-03-29,43.010000,0.027718
20648,77104910,RBLX,57999,2023-03-30,43.110000,0.002325
20648,77104910,RBLX,57999,2023-03-31,44.980000,0.043377
20648,77104910,RBLX,57999,2023-04-03,46.420000,0.032014
20648,77104910,RBLX,57999,2023-04-04,46.290000,-0.002801
20648,77104910,RBLX,57999,2023-04-05,45.390000,-0.019443
20648,77104910,RBLX,57999,2023-04-06,46.200000,0.017845
20648,77104910,RBLX,57999,2023-04-10,46.430000,0.004978
20648,77104910,RBLX,57999,2023-04-11,46.060000,-0.007969
20648,77104910,RBLX,57999,2023-04-12,45.200000,-0.018671
20648,77104910,RBLX,57999,2023-04-13,45.700000,0.011062
20648,77104910,RBLX,57999,2023-04-14,45.700000,0.000000
20648,77104910,RBLX,57999,2023-04-17,40.210000,-0.120131
20648,77104910,RBLX,57999,2023-04-18,40.810000,0.014922
20648,77104910,RBLX,57999,2023-04-19,41.090000,0.006861
20648,77104910,RBLX,57999,2023-04-20,41.310000,0.005354
20648,77104910,RBLX,57999,2023-04-21,40.700000,-0.014766
20648,77104910,RBLX,57999,2023-04-24,39.060000,-0.040295
20648,77104910,RBLX,57999,2023-04-25,37.570000,-0.038146
20648,77104910,RBLX,57999,2023-04-26,35.760000,-0.048177
20648,77104910,RBLX,57999,2023-04-27,35.540000,-0.006152
20648,77104910,RBLX,57999,2023-04-28,35.600000,0.001688
20648,77104910,RBLX,57999,2023-05-01,36.000000,0.011236
20648,77104910,RBLX,57999,2023-05-02,34.450000,-0.043056
20648,77104910,RBLX,57999,2023-05-03,34.230000,-0.006386
20648,77104910,RBLX,57999,2023-05-04,34.480000,0.007304
20648,77104910,RBLX,57999,2023-05-05,35.050000,0.016531
20648,77104910,RBLX,57999,2023-05-08,36.280000,0.035093
20648,77104910,RBLX,57999,2023-05-09,36.190000,-0.002481
20648,77104910,RBLX,57999,2023-05-10,38.870000,0.074054
20648,77104910,RBLX,57999,2023-05-11,39.880000,0.025984
20648,77104910,RBLX,57999,2023-05-12,39.360000,-0.013039
20648,77104910,RBLX,57999,2023-05-15,38.970000,-0.009909
20648,77104910,RBLX,57999,2023-05-16,39.250000,0.007185
20648,77104910,RBLX,57999,2023-05-17,41.830000,0.065732
20648,77104910,RBLX,57999,2023-05-18,42.070000,0.005738
20648,77104910,RBLX,57999,2023-05-19,40.010000,-0.048966
20648,77104910,RBLX,57999,2023-05-22,39.490000,-0.012997
20648,77104910,RBLX,57999,2023-05-23,39.660000,0.004305
20648,77104910,RBLX,57999,2023-05-24,40.510000,0.021432
20648,77104910,RBLX,57999,2023-05-25,39.510000,-0.024685
20648,77104910,RBLX,57999,2023-05-26,40.120000,0.015439
20648,77104910,RBLX,57999,2023-05-30,39.590000,-0.013210
20648,77104910,RBLX,57999,2023-05-31,41.860000,0.057338
20648,77104910,RBLX,57999,2023-06-01,42.130000,0.006450
20648,77104910,RBLX,57999,2023-06-02,40.340000,-0.042488
20648,77104910,RBLX,57999,2023-06-05,40.790000,0.011155
20648,77104910,RBLX,57999,2023-06-06,41.330000,0.013239
20648,77104910,RBLX,57999,2023-06-07,38.640000,-0.065086
20648,77104910,RBLX,57999,2023-06-08,38.870000,0.005952
20648,77104910,RBLX,57999,2023-06-09,38.690000,-0.004631
20648,77104910,RBLX,57999,2023-06-12,38.950000,0.006720
20648,77104910,RBLX,57999,2023-06-13,40.280000,0.034146
20648,77104910,RBLX,57999,2023-06-14,39.910000,-0.009186
20648,77104910,RBLX,57999,2023-06-15,40.630000,0.018041
20648,77104910,RBLX,57999,2023-06-16,41.800000,0.028796
20648,77104910,RBLX,57999,2023-06-20,41.770000,-0.000718
20648,77104910,RBLX,57999,2023-06-21,38.600000,-0.075892
20648,77104910,RBLX,57999,2023-06-22,39.140000,0.013990
20648,77104910,RBLX,57999,2023-06-23,37.850000,-0.032959
20648,77104910,RBLX,57999,2023-06-26,39.210000,0.035931
20648,77104910,RBLX,57999,2023-06-27,41.820000,0.066565
20648,77104910,RBLX,57999,2023-06-28,40.020000,-0.043042
20648,77104910,RBLX,57999,2023-06-29,38.740000,-0.031984
20648,77104910,RBLX,57999,2023-06-30,40.300000,0.040268
20648,77104910,RBLX,57999,2023-07-03,42.100000,0.044665
20648,77104910,RBLX,57999,2023-07-05,41.720000,-0.009026
20648,77104910,RBLX,57999,2023-07-06,39.980000,-0.041707
20648,77104910,RBLX,57999,2023-07-07,41.150000,0.029265
20648,77104910,RBLX,57999,2023-07-10,41.630000,0.011665
20648,77104910,RBLX,57999,2023-07-11,43.640000,0.048282
20648,77104910,RBLX,57999,2023-07-12,43.460000,-0.004125
20648,77104910,RBLX,57999,2023-07-13,44.300000,0.019328
20648,77104910,RBLX,57999,2023-07-14,43.000000,-0.029345
20648,77104910,RBLX,57999,2023-07-17,44.460000,0.033953
20648,77104910,RBLX,57999,2023-07-18,45.540000,0.024291
20648,77104910,RBLX,57999,2023-07-19,44.860000,-0.014932
20648,77104910,RBLX,57999,2023-07-20,41.040000,-0.085154
20648,77104910,RBLX,57999,2023-07-21,40.570000,-0.011452
20648,77104910,RBLX,57999,2023-07-24,39.550000,-0.025142
20648,77104910,RBLX,57999,2023-07-25,39.660000,0.002781
20648,77104910,RBLX,57999,2023-07-26,39.950000,0.007312
20648,77104910,RBLX,57999,2023-07-27,37.910000,-0.051064
20648,77104910,RBLX,57999,2023-07-28,38.930000,0.026906
20648,77104910,RBLX,57999,2023-07-31,39.250000,0.008220
20648,77104910,RBLX,57999,2023-08-01,39.430000,0.004586
20648,77104910,RBLX,57999,2023-08-02,37.630000,-0.045651
20648,77104910,RBLX,57999,2023-08-03,36.680000,-0.025246
20648,77104910,RBLX,57999,2023-08-04,37.480000,0.021810
20648,77104910,RBLX,57999,2023-08-07,37.600000,0.003202
20648,77104910,RBLX,57999,2023-08-08,37.740000,0.003723
20648,77104910,RBLX,57999,2023-08-09,29.460000,-0.219396
20648,77104910,RBLX,57999,2023-08-10,30.610000,0.039036
20648,77104910,RBLX,57999,2023-08-11,29.830000,-0.025482
20648,77104910,RBLX,57999,2023-08-14,30.540000,0.023802
20648,77104910,RBLX,57999,2023-08-15,29.770000,-0.025213
20648,77104910,RBLX,57999,2023-08-16,29.240000,-0.017803
20648,77104910,RBLX,57999,2023-08-17,27.850000,-0.047538
20648,77104910,RBLX,57999,2023-08-18,27.510000,-0.012208
20648,77104910,RBLX,57999,2023-08-21,26.960000,-0.019993
20648,77104910,RBLX,57999,2023-08-22,26.620000,-0.012611
20648,77104910,RBLX,57999,2023-08-23,26.420000,-0.007513
20648,77104910,RBLX,57999,2023-08-24,26.550000,0.004921
20648,77104910,RBLX,57999,2023-08-25,26.810000,0.009793
20648,77104910,RBLX,57999,2023-08-28,27.100000,0.010817
20648,77104910,RBLX,57999,2023-08-29,27.760000,0.024354
20648,77104910,RBLX,57999,2023-08-30,28.180000,0.015130
20648,77104910,RBLX,57999,2023-08-31,28.290000,0.003903
20648,77104910,RBLX,57999,2023-09-01,28.440000,0.005302
20648,77104910,RBLX,57999,2023-09-05,29.130000,0.024262
20648,77104910,RBLX,57999,2023-09-06,29.090000,-0.001373
20648,77104910,RBLX,57999,2023-09-07,28.790000,-0.010313
20648,77104910,RBLX,57999,2023-09-08,29.010000,0.007642
20648,77104910,RBLX,57999,2023-09-11,28.550000,-0.015857
20648,77104910,RBLX,57999,2023-09-12,29.210000,0.023117
20648,77104910,RBLX,57999,2023-09-13,27.740000,-0.050325
20648,77104910,RBLX,57999,2023-09-14,27.750000,0.000360
20648,77104910,RBLX,57999,2023-09-15,27.910000,0.005766
20648,77104910,RBLX,57999,2023-09-18,27.610000,-0.010749
20648,77104910,RBLX,57999,2023-09-19,26.960000,-0.023542
20648,77104910,RBLX,57999,2023-09-20,26.250000,-0.026335
20648,77104910,RBLX,57999,2023-09-21,25.310000,-0.035810
20648,77104910,RBLX,57999,2023-09-22,25.390000,0.003161
20648,77104910,RBLX,57999,2023-09-25,26.140000,0.029539
20648,77104910,RBLX,57999,2023-09-26,27.010000,0.033282
20648,77104910,RBLX,57999,2023-09-27,27.390000,0.014069
20648,77104910,RBLX,57999,2023-09-28,27.830000,0.016064
20648,77104910,RBLX,57999,2023-09-29,28.960000,0.040604
20648,77104910,RBLX,57999,2023-10-02,28.680000,-0.009669
20648,77104910,RBLX,57999,2023-10-03,28.420000,-0.009066
20648,77104910,RBLX,57999,2023-10-04,29.590000,0.041168
20648,77104910,RBLX,57999,2023-10-05,29.820000,0.007773
20648,77104910,RBLX,57999,2023-10-06,30.460000,0.021462
20648,77104910,RBLX,57999,2023-10-09,30.210000,-0.008207
20648,77104910,RBLX,57999,2023-10-10,30.910000,0.023171
20648,77104910,RBLX,57999,2023-10-11,31.760000,0.027499
20648,77104910,RBLX,57999,2023-10-12,31.630000,-0.004093
20648,77104910,RBLX,57999,2023-10-13,30.510000,-0.035409
20648,77104910,RBLX,57999,2023-10-16,30.410000,-0.003278
20648,77104910,RBLX,57999,2023-10-17,31.000000,0.019402
20648,77104910,RBLX,57999,2023-10-18,30.190000,-0.026129
20648,77104910,RBLX,57999,2023-10-19,31.670000,0.049023
20648,77104910,RBLX,57999,2023-10-20,31.750000,0.002526
20648,77104910,RBLX,57999,2023-10-23,30.570000,-0.037165
20648,77104910,RBLX,57999,2023-10-24,32.720000,0.070330
20648,77104910,RBLX,57999,2023-10-25,31.100000,-0.049511
20648,77104910,RBLX,57999,2023-10-26,30.550000,-0.017685
20648,77104910,RBLX,57999,2023-10-27,30.990000,0.014403
20648,77104910,RBLX,57999,2023-10-30,31.740000,0.024201
20648,77104910,RBLX,57999,2023-10-31,31.810000,0.002205
20648,77104910,RBLX,57999,2023-11-01,31.840000,0.000943
20648,77104910,RBLX,57999,2023-11-02,33.560000,0.054020
20648,77104910,RBLX,57999,2023-11-03,34.900000,0.039928
20648,77104910,RBLX,57999,2023-11-06,33.850000,-0.030086
20648,77104910,RBLX,57999,2023-11-07,35.070000,0.036041
20648,77104910,RBLX,57999,2023-11-08,39.220000,0.118335
20648,77104910,RBLX,57999,2023-11-09,38.050000,-0.029832
20648,77104910,RBLX,57999,2023-11-10,38.420000,0.009724
20648,77104910,RBLX,57999,2023-11-13,38.750000,0.008589
20648,77104910,RBLX,57999,2023-11-14,39.240000,0.012645
20648,77104910,RBLX,57999,2023-11-15,39.760000,0.013252
20648,77104910,RBLX,57999,2023-11-16,38.360000,-0.035211
20648,77104910,RBLX,57999,2023-11-17,37.910000,-0.011731
20648,77104910,RBLX,57999,2023-11-20,37.860000,-0.001319
20648,77104910,RBLX,57999,2023-11-21,36.720000,-0.030111
20648,77104910,RBLX,57999,2023-11-22,37.820000,0.029956
20648,77104910,RBLX,57999,2023-11-24,38.140000,0.008461
20648,77104910,RBLX,57999,2023-11-27,38.600000,0.012061
20648,77104910,RBLX,57999,2023-11-28,39.020000,0.010881
20648,77104910,RBLX,57999,2023-11-29,38.680000,-0.008713
20648,77104910,RBLX,57999,2023-11-30,39.310000,0.016287
20648,77104910,RBLX,57999,2023-12-01,40.450000,0.029000
20648,77104910,RBLX,57999,2023-12-04,41.230000,0.019283
20648,77104910,RBLX,57999,2023-12-05,40.670000,-0.013582
20648,77104910,RBLX,57999,2023-12-06,39.960000,-0.017458
20648,77104910,RBLX,57999,2023-12-07,39.860000,-0.002503
20648,77104910,RBLX,57999,2023-12-08,40.830000,0.024335
20648,77104910,RBLX,57999,2023-12-11,40.490000,-0.008327
20648,77104910,RBLX,57999,2023-12-12,42.040000,0.038281
20648,77104910,RBLX,57999,2023-12-13,43.310000,0.030209
20648,77104910,RBLX,57999,2023-12-14,44.520000,0.027938
20648,77104910,RBLX,57999,2023-12-15,43.920000,-0.013477
20648,77104910,RBLX,57999,2023-12-18,44.490000,0.012978
20648,77104910,RBLX,57999,2023-12-19,44.730000,0.005394
20648,77104910,RBLX,57999,2023-12-20,43.830000,-0.020121
20648,77104910,RBLX,57999,2023-12-21,44.480000,0.014830
20648,77104910,RBLX,57999,2023-12-22,45.970000,0.033498
20648,77104910,RBLX,57999,2023-12-26,46.380000,0.008919
20648,77104910,RBLX,57999,2023-12-27,46.850000,0.010134
20648,77104910,RBLX,57999,2023-12-28,46.430000,-0.008965
20648,77104910,RBLX,57999,2023-12-29,45.720000,-0.015292
79678,00507V10,ATVI,12499,2021-01-04,89.900000,-0.031772
79678,00507V10,ATVI,12499,2021-01-05,90.690000,0.008788
79678,00507V10,ATVI,12499,2021-01-06,88.000000,-0.029661
79678,00507V10,ATVI,12499,2021-01-07,89.670000,0.018977
79678,00507V10,ATVI,12499,2021-01-08,91.300000,0.018178
79678,00507V10,ATVI,12499,2021-01-11,90.910000,-0.004272
79678,00507V10,ATVI,12499,2021-01-12,89.250000,-0.018260
79678,00507V10,ATVI,12499,2021-01-13,89.770000,0.005826
79678,00507V10,ATVI,12499,2021-01-14,89.990000,0.002451
79678,00507V10,ATVI,12499,2021-01-15,90.690000,0.007779
79678,00507V10,ATVI,12499,2021-01-19,93.150000,0.027125
79678,00507V10,ATVI,12499,2021-01-20,95.120000,0.021149
79678,00507V10,ATVI,12499,2021-01-21,94.600000,-0.005467
79678,00507V10,ATVI,12499,2021-01-22,94.430000,-0.001797
79678,00507V10,ATVI,12499,2021-01-25,93.400000,-0.010908
79678,00507V10,ATVI,12499,2021-01-26,92.380000,-0.010921
79678,00507V10,ATVI,12499,2021-01-27,88.670000,-0.040160
79678,00507V10,ATVI,12499,2021-01-28,90.270000,0.018044
79678,00507V10,ATVI,12499,2021-01-29,91.000000,0.008087
79678,00507V10,ATVI,12499,2021-02-01,91.420000,0.004615
79678,00507V10,ATVI,12499,2021-02-02,93.980000,0.028003
79678,00507V10,ATVI,12499,2021-02-03,92.770000,-0.012875
79678,00507V10,ATVI,12499,2021-02-04,92.680000,-0.000970
79678,00507V10,ATVI,12499,2021-02-05,101.610000,0.096353
79678,00507V10,ATVI,12499,2021-02-08,101.190000,-0.004133
79678,00507V10,ATVI,12499,2021-02-09,102.730000,0.015219
79678,00507V10,ATVI,12499,2021-02-10,102.760000,0.000292
79678,00507V10,ATVI,12499,2021-02-11,103.240000,0.004671
79678,00507V10,ATVI,12499,2021-02-12,103.810000,0.005521
79678,00507V10,ATVI,12499,2021-02-16,102.960000,-0.008188
79678,00507V10,ATVI,12499,2021-02-17,102.350000,-0.005925
79678,00507V10,ATVI,12499,2021-02-18,102.250000,-0.000977
79678,00507V10,ATVI,12499,2021-02-19,100.800000,-0.014181
79678,00507V10,ATVI,12499,2021-02-22,96.580000,-0.041865
79678,00507V10,ATVI,12499,2021-02-23,96.420000,-0.001657
79678,00507V10,ATVI,12499,2021-02-24,95.690000,-0.007571
79678,00507V10,ATVI,12499,2021-02-25,95.100000,-0.006166
79678,00507V10,ATVI,12499,2021-02-26,95.610000,0.005363
79678,00507V10,ATVI,12499,2021-03-01,98.720000,0.032528
79678,00507V10,ATVI,12499,2021-03-02,96.750000,-0.019955
79678,00507V10,ATVI,12499,2021-03-03,93.710000,-0.031421
79678,00507V10,ATVI,12499,2021-03-04,91.540000,-0.023157
79678,00507V10,ATVI,12499,2021-03-05,92.580000,0.011361
79678,00507V10,ATVI,12499,2021-03-08,89.210000,-0.036401
79678,00507V10,ATVI,12499,2021-03-09,92.500000,0.036879
79678,00507V10,ATVI,12499,2021-03-10,91.310000,-0.012865
79678,00507V10,ATVI,12499,2021-03-11,92.940000,0.017851
79678,00507V10,ATVI,12499,2021-03-12,93.035000,0.001022
79678,00507V10,ATVI,12499,2021-03-15,92.575000,-0.004944
79678,00507V10,ATVI,12499,2021-03-16,93.280000,0.007615
79678,00507V10,ATVI,12499,2021-03-17,92.440000,-0.009005
79678,00507V10,ATVI,12499,2021-03-18,89.580000,-0.030939
79678,00507V10,ATVI,12499,2021-03-19,90.490000,0.010159
79678,00507V10,ATVI,12499,2021-03-22,91.870000,0.015250
79678,00507V10,ATVI,12499,2021-03-23,91.380000,-0.005334
79678,00507V10,ATVI,12499,2021-03-24,90.510000,-0.009521
79678,00507V10,ATVI,12499,2021-03-25,90.850000,0.003756
79678,00507V10,ATVI,12499,2021-03-26,92.400000,0.017061
79678,00507V10,ATVI,12499,2021-03-29,94.020000,0.017532
79678,00507V10,ATVI,12499,2021-03-30,92.660000,-0.014465
79678,00507V10,ATVI,12499,2021-03-31,93.000000,0.003669
79678,00507V10,ATVI,12499,2021-04-01,95.540000,0.027312
79678,00507V10,ATVI,12499,2021-04-05,97.870000,0.024388
79678,00507V10,ATVI,12499,2021-04-06,97.320000,-0.005620
79678,00507V10,ATVI,12499,2021-04-07,96.840000,-0.004932
79678,00507V10,ATVI,12499,2021-04-08,96.460000,-0.003924
79678,00507V10,ATVI,12499,2021-04-09,95.780000,-0.007050
79678,00507V10,ATVI,12499,2021-04-12,96.140000,0.003759
79678,00507V10,ATVI,12499,2021-04-13,97.540000,0.014562
79678,00507V10,ATVI,12499,2021-04-14,96.690000,-0.008714
79678,00507V10,ATVI,12499,2021-04-15,97.780000,0.011273
79678,00507V10,ATVI,12499,2021-04-16,96.480000,-0.013295
79678,00507V10,ATVI,12499,2021-04-19,96.000000,-0.004975
79678,00507V10,ATVI,12499,2021-04-20,94.470000,-0.015938
79678,00507V10,ATVI,12499,2021-04-21,93.180000,-0.013655
79678,00507V10,ATVI,12499,2021-04-22,93.700000,0.005581
79678,00507V10,ATVI,12499,2021-04-23,93.020000,-0.007257
79678,00507V10,ATVI,12499,2021-04-26,94.240000,0.013115
79678,00507V10,ATVI,12499,2021-04-27,91.600000,-0.028014
79678,00507V10,ATVI,12499,2021-04-28,91.250000,-0.003821
79678,00507V10,ATVI,12499,2021-04-29,92.090000,0.009205
79678,00507V10,ATVI,12499,2021-04-30,91.190000,-0.009773
79678,00507V10,ATVI,12499,2021-05-03,91.150000,-0.000439
79678,00507V10,ATVI,12499,2021-05-04,88.690000,-0.026988
79678,00507V10,ATVI,12499,2021-05-05,90.080000,0.015673
79678,00507V10,ATVI,12499,2021-05-06,93.030000,0.032749
79678,00507V10,ATVI,12499,2021-05-07,94.800000,0.019026
79678,00507V10,ATVI,12499,2021-05-10,93.170000,-0.017194
79678,00507V10,ATVI,12499,2021-05-11,95.340000,0.023291
79678,00507V10,ATVI,12499,2021-05-12,92.660000,-0.028110
79678,00507V10,ATVI,12499,2021-05-13,93.420000,0.008202
79678,00507V10,ATVI,12499,2021-05-14,93.350000,-0.000749
79678,00507V10,ATVI,12499,2021-05-17,92.300000,-0.011248
79678,00507V10,ATVI,12499,2021-05-18,93.660000,0.014735
79678,00507V10,ATVI,12499,2021-05-19,94.260000,0.006406
79678,00507V10,ATVI,12499,2021-05-20,96.570000,0.024507
79678,00507V10,ATVI,12499,2021-05-21,95.370000,-0.012426
79678,00507V10,ATVI,12499,2021-05-24,96.500000,0.011849
79678,00507V10,ATVI,12499,2021-05-25,96.570000,0.000725
79678,00507V10,ATVI,12499,2021-05-26,97.300000,0.007559
79678,00507V10,ATVI,12499,2021-05-27,97.250000,-0.000514
79678,00507V10,ATVI,12499,2021-05-28,97.250000,0.000000
79678,00507V10,ATVI,12499,2021-06-01,96.450000,-0.008226
79678,00507V10,ATVI,12499,2021-06-02,95.390000,-0.010990
79678,00507V10,ATVI,12499,2021-06-03,94.980000,-0.004298
79678,00507V10,ATVI,12499,2021-06-04,96.840000,0.019583
79678,00507V10,ATVI,12499,2021-06-07,97.120000,0.002891
79678,00507V10,ATVI,12499,2021-06-08,96.800000,-0.003295
79678,00507V10,ATVI,12499,2021-06-09,96.530000,-0.002789
79678,00507V10,ATVI,12499,2021-06-10,97.690000,0.012017
79678,00507V10,ATVI,12499,2021-06-11,98.150000,0.004709
79678,00507V10,ATVI,12499,2021-06-14,99.180000,0.010494
79678,00507V10,ATVI,12499,2021-06-15,95.970000,-0.032365
79678,00507V10,ATVI,12499,2021-06-16,94.060000,-0.019902
79678,00507V10,ATVI,12499,2021-06-17,93.190000,-0.009249
79678,00507V10,ATVI,12499,2021-06-18,91.490000,-0.018242
79678,00507V10,ATVI,12499,2021-06-21,91.820000,0.003607
79678,00507V10,ATVI,12499,2021-06-22,91.880000,0.000653
79678,00507V10,ATVI,12499,2021-06-23,90.790000,-0.011863
79678,00507V10,ATVI,12499,2021-06-24,92.510000,0.018945
79678,00507V10,ATVI,12499,2021-06-25,92.260000,-0.002702
79678,00507V10,ATVI,12499,2021-06-28,95.400000,0.034034
79678,00507V10,ATVI,12499,2021-06-29,95.610000,0.002201
79678,00507V10,ATVI,12499,2021-06-30,95.440000,-0.001778
79678,00507V10,ATVI,12499,2021-07-01,93.900000,-0.016136
79678,00507V10,ATVI,12499,2021-07-02,94.270000,0.003940
79678,00507V10,ATVI,12499,2021-07-06,94.400000,0.001379
79678,00507V10,ATVI,12499,2021-07-07,93.310000,-0.011547
79678,00507V10,ATVI,12499,2021-07-08,92.180000,-0.012110
79678,00507V10,ATVI,12499,2021-07-09,92.380000,0.002170
79678,00507V10,ATVI,12499,2021-07-12,92.910000,0.005737
79678,00507V10,ATVI,12499,2021-07-13,93.250000,0.003659
79678,00507V10,ATVI,12499,2021-07-14,92.320000,-0.009973
79678,00507V10,ATVI,12499,2021-07-15,90.680000,-0.017764
79678,00507V10,ATVI,12499,2021-07-16,91.800000,0.012351
79678,00507V10,ATVI,12499,2021-07-19,90.300000,-0.016340
79678,00507V10,ATVI,12499,2021-07-20,91.510000,0.013400
79678,00507V10,ATVI,12499,2021-07-21,91.170000,-0.003715
79678,00507V10,ATVI,12499,2021-07-22,90.470000,-0.007678
79678,00507V10,ATVI,12499,2021-07-23,91.500000,0.011385
79678,00507V10,ATVI,12499,2021-07-26,90.140000,-0.014863
79678,00507V10,ATVI,12499,2021-07-27,84.050000,-0.067562
79678,00507V10,ATVI,12499,2021-07-28,84.820000,0.009161
79678,00507V10,ATVI,12499,2021-07-29,83.570000,-0.014737
79678,00507V10,ATVI,12499,2021-07-30,83.620000,0.000598
79678,00507V10,ATVI,12499,2021-08-02,82.760000,-0.010285
79678,00507V10,ATVI,12499,2021-08-03,79.830000,-0.035404
79678,00507V10,ATVI,12499,2021-08-04,81.520000,0.021170
79678,00507V10,ATVI,12499,2021-08-05,80.320000,-0.014720
79678,00507V10,ATVI,12499,2021-08-06,82.430000,0.026270
79678,00507V10,ATVI,12499,2021-08-09,81.410000,-0.012374
79678,00507V10,ATVI,12499,2021-08-10,82.990000,0.019408
79678,00507V10,ATVI,12499,2021-08-11,85.000000,0.024220
79678,00507V10,ATVI,12499,2021-08-12,85.170000,0.002000
79678,00507V10,ATVI,12499,2021-08-13,83.850000,-0.015498
79678,00507V10,ATVI,12499,2021-08-16,83.850000,0.000000
79678,00507V10,ATVI,12499,2021-08-17,83.370000,-0.005725
79678,00507V10,ATVI,12499,2021-08-18,82.830000,-0.006477
79678,00507V10,ATVI,12499,2021-08-19,83.170000,0.004105
79678,00507V10,ATVI,12499,2021-08-20,82.630000,-0.006493
79678,00507V10,ATVI,12499,2021-08-23,82.220000,-0.004962
79678,00507V10,ATVI,12499,2021-08-24,81.790000,-0.005230
79678,00507V10,ATVI,12499,2021-08-25,80.810000,-0.011982
79678,00507V10,ATVI,12499,2021-08-26,81.250000,0.005445
79678,00507V10,ATVI,12499,2021-08-27,82.430000,0.014523
79678,00507V10,ATVI,12499,2021-08-30,81.120000,-0.015892
79678,00507V10,ATVI,12499,2021-08-31,82.370000,0.015409
79678,00507V10,ATVI,12499,2021-09-01,82.300000,-0.000850
79678,00507V10,ATVI,12499,2021-09-02,81.310000,-0.012029
79678,00507V10,ATVI,12499,2021-09-03,81.180000,-0.001599
79678,00507V10,ATVI,12499,2021-09-07,78.470000,-0.033383
79678,00507V10,ATVI,12499,2021-09-08,80.290000,0.023194
79678,00507V10,ATVI,12499,2021-09-09,78.050000,-0.027899
79678,00507V10,ATVI,12499,2021-09-10,79.640000,0.020372
79678,00507V10,ATVI,12499,2021-09-13,78.530000,-0.013938
79678,00507V10,ATVI,12499,2021-09-14,77.840000,-0.008786
79678,00507V10,ATVI,12499,2021-09-15,78.250000,0.005267
79678,00507V10,ATVI,12499,2021-09-16,79.280000,0.013163
79678,00507V10,ATVI,12499,2021-09-17,79.560000,0.003532
79678,00507V10,ATVI,12499,2021-09-20,76.180000,-0.042484
79678,00507V10,ATVI,12499,2021-09-21,73.030000,-0.041349
79678,00507V10,ATVI,12499,2021-09-22,72.810000,-0.003012
79678,00507V10,ATVI,12499,2021-09-23,74.670000,0.025546
79678,00507V10,ATVI,12499,2021-09-24,75.260000,0.007901
79678,00507V10,ATVI,12499,2021-09-27,75.080000,-0.002392
79678,00507V10,ATVI,12499,2021-09-28,76.330000,0.016649
79678,00507V10,ATVI,12499,2021-09-29,77.380000,0.013756
79678,00507V10,ATVI,12499,2021-09-30,77.390000,0.000129
79678,00507V10,ATVI,12499,2021-10-01,78.530000,0.014731
79678,00507V10,ATVI,12499,2021-10-04,77.180000,-0.017191
79678,00507V10,ATVI,12499,2021-10-05,76.800000,-0.004924
79678,00507V10,ATVI,12499,2021-10-06,77.290000,0.006380
79678,00507V10,ATVI,12499,2021-10-07,77.360000,0.000906
79678,00507V10,ATVI,12499,2021-10-08,77.610000,0.003232
79678,00507V10,ATVI,12499,2021-10-11,76.320000,-0.016622
79678,00507V10,ATVI,12499,2021-10-12,74.920000,-0.018344
79678,00507V10,ATVI,12499,2021-10-13,75.250000,0.004405
79678,00507V10,ATVI,12499,2021-10-14,76.110000,0.011429
79678,00507V10,ATVI,12499,2021-10-15,76.400000,0.003810
79678,00507V10,ATVI,12499,2021-10-18,76.400000,0.000000
79678,00507V10,ATVI,12499,2021-10-19,77.180000,0.010209
79678,00507V10,ATVI,12499,2021-10-20,78.080000,0.011661
79678,00507V10,ATVI,12499,2021-10-21,78.700000,0.007941
79678,00507V10,ATVI,12499,2021-10-22,79.270000,0.007243
79678,00507V10,ATVI,12499,2021-10-25,81.190000,0.024221
79678,00507V10,ATVI,12499,2021-10-26,80.760000,-0.005296
79678,00507V10,ATVI,12499,2021-10-27,78.650000,-0.026127
79678,00507V10,ATVI,12499,2021-10-28,78.880000,0.002924
79678,00507V10,ATVI,12499,2021-10-29,78.190000,-0.008747
79678,00507V10,ATVI,12499,2021-11-01,79.350000,0.014836
79678,00507V10,ATVI,12499,2021-11-02,77.670000,-0.021172
79678,00507V10,ATVI,12499,2021-11-03,66.750000,-0.140595
79678,00507V10,ATVI,12499,2021-11-04,68.230000,0.022172
79678,00507V10,ATVI,12499,2021-11-05,67.830000,-0.005863
79678,00507V10,ATVI,12499,2021-11-08,66.820000,-0.014890
79678,00507V10,ATVI,12499,2021-11-09,67.100000,0.004190
79678,00507V10,ATVI,12499,2021-11-10,66.660000,-0.006557
79678,00507V10,ATVI,12499,2021-11-11,67.500000,0.012601
79678,00507V10,ATVI,12499,2021-11-12,69.690000,0.032444
79678,00507V10,ATVI,12499,2021-11-15,70.430000,0.010618
79678,00507V10,ATVI,12499,2021-11-16,66.140000,-0.060912
79678,00507V10,ATVI,12499,2021-11-17,64.200000,-0.029332
79678,00507V10,ATVI,12499,2021-11-18,62.670000,-0.023832
79678,00507V10,ATVI,12499,2021-11-19,62.380000,-0.004627
79678,00507V10,ATVI,12499,2021-11-22,62.200000,-0.002886
79678,00507V10,ATVI,12499,2021-11-23,61.770000,-0.006913
79678,00507V10,ATVI,12499,2021-11-24,60.910000,-0.013923
79678,00507V10,ATVI,12499,2021-11-26,60.620000,-0.004761
79678,00507V10,ATVI,12499,2021-11-29,60.310000,-0.005114
79678,00507V10,ATVI,12499,2021-11-30,58.600000,-0.028354
79678,00507V10,ATVI,12499,2021-12-01,57.280000,-0.022526
79678,00507V10,ATVI,12499,2021-12-02,57.290000,0.000175
79678,00507V10,ATVI,12499,2021-12-03,57.360000,0.001222
79678,00507V10,ATVI,12499,2021-12-06,58.090000,0.012727
79678,00507V10,ATVI,12499,2021-12-07,58.770000,0.011706
79678,00507V10,ATVI,12499,2021-12-08,59.270000,0.008508
79678,00507V10,ATVI,12499,2021-12-09,59.070000,-0.003374
79678,00507V10,ATVI,12499,2021-12-10,58.600000,-0.007957
79678,00507V10,ATVI,12499,2021-12-13,58.700000,0.001706
79678,00507V10,ATVI,12499,2021-12-14,59.520000,0.013969
79678,00507V10,ATVI,12499,2021-12-15,60.260000,0.012433
79678,00507V10,ATVI,12499,2021-12-16,61.490000,0.020412
79678,00507V10,ATVI,12499,2021-12-17,61.360000,-0.002114
79678,00507V10,ATVI,12499,2021-12-20,61.800000,0.007171
79678,00507V10,ATVI,12499,2021-12-21,63.590000,0.028964
79678,00507V10,ATVI,12499,2021-12-22,64.100000,0.008020
79678,00507V10,ATVI,12499,2021-12-23,65.160000,0.016537
79678,00507V10,ATVI,12499,2021-12-27,65.450000,0.004451
79678,00507V10,ATVI,12499,2021-12-28,66.670000,0.018640
79678,00507V10,ATVI,12499,2021-12-29,67.160000,0.007350
79678,00507V10,ATVI,12499,2021-12-30,67.490000,0.004914
79678,00507V10,ATVI,12499,2021-12-31,66.530000,-0.014224
79678,00507V10,ATVI,12499,2022-01-03,67.420000,0.013377
79678,00507V10,ATVI,12499,2022-01-04,67.200000,-0.003263
79678,00507V10,ATVI,12499,2022-01-05,66.290000,-0.013542
79678,00507V10,ATVI,12499,2022-01-06,63.820000,-0.037261
79678,00507V10,ATVI,12499,2022-01-07,64.040000,0.003447
79678,00507V10,ATVI,12499,2022-01-10,63.110000,-0.014522
79678,00507V10,ATVI,12499,2022-01-11,65.850000,0.043416
79678,00507V10,ATVI,12499,2022-01-12,64.810000,-0.015793
79678,00507V10,ATVI,12499,2022-01-13,64.170000,-0.009875
79678,00507V10,ATVI,12499,2022-01-14,65.390000,0.019012
79678,00507V10,ATVI,12499,2022-01-18,82.310000,0.258755
79678,00507V10,ATVI,12499,2022-01-19,82.150000,-0.001944
79678,00507V10,ATVI,12499,2022-01-20,81.760000,-0.004747
79678,00507V10,ATVI,12499,2022-01-21,81.350000,-0.005015
79678,00507V10,ATVI,12499,2022-01-24,79.970000,-0.016964
79678,00507V10,ATVI,12499,2022-01-25,79.120000,-0.010629
79678,00507V10,ATVI,12499,2022-01-26,78.780000,-0.004297
79678,00507V10,ATVI,12499,2022-01-27,78.900000,0.001523
79678,00507V10,ATVI,12499,2022-01-28,79.140000,0.003042
79678,00507V10,ATVI,12499,2022-01-31,79.010000,-0.001643
79678,00507V10,ATVI,12499,2022-02-01,79.060000,0.000633
79678,00507V10,ATVI,12499,2022-02-02,79.250000,0.002403
79678,00507V10,ATVI,12499,2022-02-03,78.950000,-0.003785
79678,00507V10,ATVI,12499,2022-02-04,79.250000,0.003800
79678,00507V10,ATVI,12499,2022-02-07,79.500000,0.003155
79678,00507V10,ATVI,12499,2022-02-08,80.230000,0.009182
79678,00507V10,ATVI,12499,2022-02-09,81.500000,0.015829
79678,00507V10,ATVI,12499,2022-02-10,81.450000,-0.000613
79678,00507V10,ATVI,12499,2022-02-11,81.500000,0.000614
79678,00507V10,ATVI,12499,2022-02-14,81.500000,0.000000
79678,00507V10,ATVI,12499,2022-02-15,81.520000,0.000245
79678,00507V10,ATVI,12499,2022-02-16,81.460000,-0.000736
79678,00507V10,ATVI,12499,2022-02-17,80.970000,-0.006015
79678,00507V10,ATVI,12499,2022-02-18,81.050000,0.000988
79678,00507V10,ATVI,12499,2022-02-22,81.230000,0.002221
79678,00507V10,ATVI,12499,2022-02-23,80.710000,-0.006402
79678,00507V10,ATVI,12499,2022-02-24,81.010000,0.003717
79678,00507V10,ATVI,12499,2022-02-25,81.440000,0.005308
79678,00507V10,ATVI,12499,2022-02-28,81.500000,0.000737
79678,00507V10,ATVI,12499,2022-03-01,80.880000,-0.007607
79678,00507V10,ATVI,12499,2022-03-02,81.480000,0.007418
79678,00507V10,ATVI,12499,2022-03-03,81.500000,0.000245
79678,00507V10,ATVI,12499,2022-03-04,81.430000,-0.000859
79678,00507V10,ATVI,12499,2022-03-07,80.550000,-0.010807
79678,00507V10,ATVI,12499,2022-03-08,81.030000,0.005959
79678,00507V10,ATVI,12499,2022-03-09,80.830000,-0.002468
79678,00507V10,ATVI,12499,2022-03-10,80.800000,-0.000371
79678,00507V10,ATVI,12499,2022-03-11,80.310000,-0.006064
79678,00507V10,ATVI,12499,2022-03-14,79.550000,-0.009463
79678,00507V10,ATVI,12499,2022-03-15,79.510000,-0.000503
79678,00507V10,ATVI,12499,2022-03-16,79.120000,-0.004905
79678,00507V10,ATVI,12499,2022-03-17,78.890000,-0.002907
79678,00507V10,ATVI,12499,2022-03-18,78.760000,-0.001648
79678,00507V10,ATVI,12499,2022-03-21,78.840000,0.001016
79678,00507V10,ATVI,12499,2022-03-22,79.300000,0.005835
79678,00507V10,ATVI,12499,2022-03-23,79.070000,-0.002900
79678,00507V10,ATVI,12499,2022-03-24,79.620000,0.006956
79678,00507V10,ATVI,12499,2022-03-25,79.600000,-0.000251
79678,00507V10,ATVI,12499,2022-03-28,80.010000,0.005151
79678,00507V10,ATVI,12499,2022-03-29,80.750000,0.009249
79678,00507V10,ATVI,12499,2022-03-30,80.360000,-0.004830
79678,00507V10,ATVI,12499,2022-03-31,80.110000,-0.003111
79678,00507V10,ATVI,12499,2022-04-01,80.820000,0.008863
79678,00507V10,ATVI,12499,2022-04-04,80.730000,-0.001114
79678,00507V10,ATVI,12499,2022-04-05,80.380000,-0.004335
79678,00507V10,ATVI,12499,2022-04-06,80.110000,-0.003359
79678,00507V10,ATVI,12499,2022-04-07,80.110000,0.000000
79678,00507V10,ATVI,12499,2022-04-08,80.090000,-0.000250
79678,00507V10,ATVI,12499,2022-04-11,79.480000,-0.007616
79678,00507V10,ATVI,12499,2022-04-12,79.540000,0.000755
79678,00507V10,ATVI,12499,2022-04-13,79.100000,-0.005532
79678,00507V10,ATVI,12499,2022-04-14,78.930000,-0.002149
79678,00507V10,ATVI,12499,2022-04-18,79.060000,0.001647
79678,00507V10,ATVI,12499,2022-04-19,79.030000,-0.000379
79678,00507V10,ATVI,12499,2022-04-20,78.910000,-0.001518
79678,00507V10,ATVI,12499,2022-04-21,78.900000,-0.000127
79678,00507V10,ATVI,12499,2022-04-22,78.610000,-0.003676
79678,00507V10,ATVI,12499,2022-04-25,78.050000,-0.007124
79678,00507V10,ATVI,12499,2022-04-26,77.060000,-0.012684
79678,00507V10,ATVI,12499,2022-04-27,76.100000,-0.012458
79678,00507V10,ATVI,12499,2022-04-28,76.700000,0.007884
79678,00507V10,ATVI,12499,2022-04-29,75.600000,-0.014342
79678,00507V10,ATVI,12499,2022-05-02,78.060000,0.032540
79678,00507V10,ATVI,12499,2022-05-03,78.780000,0.009224
79678,00507V10,ATVI,12499,2022-05-04,79.240000,0.005839
79678,00507V10,ATVI,12499,2022-05-05,78.760000,-0.006058
79678,00507V10,ATVI,12499,2022-05-06,77.840000,-0.011681
79678,00507V10,ATVI,12499,2022-05-09,77.170000,-0.008607
79678,00507V10,ATVI,12499,2022-05-10,76.920000,-0.003240
79678,00507V10,ATVI,12499,2022-05-11,77.470000,0.007150
79678,00507V10,ATVI,12499,2022-05-12,77.380000,-0.001162
79678,00507V10,ATVI,12499,2022-05-13,77.740000,0.004652
79678,00507V10,ATVI,12499,2022-05-16,78.000000,0.003344
79678,00507V10,ATVI,12499,2022-05-17,78.540000,0.006923
79678,00507V10,ATVI,12499,2022-05-18,77.920000,-0.007894
79678,00507V10,ATVI,12499,2022-05-19,77.740000,-0.002310
79678,00507V10,ATVI,12499,2022-05-20,77.400000,-0.004374
79678,00507V10,ATVI,12499,2022-05-23,77.200000,-0.002584
79678,00507V10,ATVI,12499,2022-05-24,77.030000,-0.002202
79678,00507V10,ATVI,12499,2022-05-25,77.710000,0.008828
79678,00507V10,ATVI,12499,2022-05-26,77.990000,0.003603
79678,00507V10,ATVI,12499,2022-05-27,78.200000,0.002693
79678,00507V10,ATVI,12499,2022-05-31,77.880000,-0.004092
79678,00507V10,ATVI,12499,2022-06-01,77.410000,-0.006035
79678,00507V10,ATVI,12499,2022-06-02,78.230000,0.010593
79678,00507V10,ATVI,12499,2022-06-03,77.890000,-0.004346
79678,00507V10,ATVI,12499,2022-06-06,77.790000,-0.001284
79678,00507V10,ATVI,12499,2022-06-07,78.030000,0.003085
79678,00507V10,ATVI,12499,2022-06-08,77.630000,-0.005126
79678,00507V10,ATVI,12499,2022-06-09,76.780000,-0.010949
79678,00507V10,ATVI,12499,2022-06-10,76.480000,-0.003907
79678,00507V10,ATVI,12499,2022-06-13,74.760000,-0.022490
79678,00507V10,ATVI,12499,2022-06-14,74.640000,-0.001605
79678,00507V10,ATVI,12499,2022-06-15,75.350000,0.009512
79678,00507V10,ATVI,12499,2022-06-16,73.930000,-0.018845
79678,00507V10,ATVI,12499,2022-06-17,74.710000,0.010551
79678,00507V10,ATVI,12499,2022-06-21,76.050000,0.017936
79678,00507V10,ATVI,12499,2022-06-22,75.700000,-0.004602
79678,00507V10,ATVI,12499,2022-06-23,76.490000,0.010436
79678,00507V10,ATVI,12499,2022-06-24,77.940000,0.018957
79678,00507V10,ATVI,12499,2022-06-27,78.010000,0.000898
79678,00507V10,ATVI,12499,2022-06-28,77.160000,-0.010896
79678,00507V10,ATVI,12499,2022-06-29,77.960000,0.010368
79678,00507V10,ATVI,12499,2022-06-30,77.860000,-0.001283
79678,00507V10,ATVI,12499,2022-07-01,78.570000,0.009119
79678,00507V10,ATVI,12499,2022-07-05,78.870000,0.003818
79678,00507V10,ATVI,12499,2022-07-06,78.370000,-0.006340
79678,00507V10,ATVI,12499,2022-07-07,78.610000,0.003062
79678,00507V10,ATVI,12499,2022-07-08,78.130000,-0.006106
79678,00507V10,ATVI,12499,2022-07-11,77.790000,-0.004352
79678,00507V10,ATVI,12499,2022-07-12,76.540000,-0.016069
79678,00507V10,ATVI,12499,2022-07-13,75.960000,-0.007578
79678,00507V10,ATVI,12499,2022-07-14,76.240000,0.003686
79678,00507V10,ATVI,12499,2022-07-15,77.390000,0.015084
79678,00507V10,ATVI,12499,2022-07-18,76.990000,-0.005169
79678,00507V10,ATVI,12499,2022-07-19,78.630000,0.021301
79678,00507V10,ATVI,12499,2022-07-20,79.300000,0.008521
79678,00507V10,ATVI,12499,2022-07-21,79.490000,0.002396
79678,00507V10,ATVI,12499,2022-07-22,79.230000,-0.003271
79678,00507V10,ATVI,12499,2022-07-25,79.650000,0.005301
79678,00507V10,ATVI,12499,2022-07-26,79.460000,-0.002385
79678,00507V10,ATVI,12499,2022-07-27,79.790000,0.004153
79678,00507V10,ATVI,12499,2022-07-28,79.510000,-0.003509
79678,00507V10,ATVI,12499,2022-07-29,79.950000,0.005534
79678,00507V10,ATVI,12499,2022-08-01,80.080000,0.001626
79678,00507V10,ATVI,12499,2022-08-02,79.320000,-0.009491
79678,00507V10,ATVI,12499,2022-08-03,80.590000,0.016011
79678,00507V10,ATVI,12499,2022-08-04,80.660000,0.000869
79678,00507V10,ATVI,12499,2022-08-05,80.490000,-0.002108
79678,00507V10,ATVI,12499,2022-08-08,81.000000,0.006336
79678,00507V10,ATVI,12499,2022-08-09,80.590000,-0.005062
79678,00507V10,ATVI,12499,2022-08-10,80.910000,0.003971
79678,00507V10,ATVI,12499,2022-08-11,80.510000,-0.004944
79678,00507V10,ATVI,12499,2022-08-12,80.790000,0.003478
79678,00507V10,ATVI,12499,2022-08-15,80.730000,-0.000743
79678,00507V10,ATVI,12499,2022-08-16,80.920000,0.002354
79678,00507V10,ATVI,12499,2022-08-17,80.530000,-0.004820
79678,00507V10,ATVI,12499,2022-08-18,80.440000,-0.001118
79678,00507V10,ATVI,12499,2022-08-19,80.270000,-0.002113
79678,00507V10,ATVI,12499,2022-08-22,79.760000,-0.006354
79678,00507V10,ATVI,12499,2022-08-23,79.340000,-0.005266
79678,00507V10,ATVI,12499,2022-08-24,79.280000,-0.000756
79678,00507V10,ATVI,12499,2022-08-25,79.070000,-0.002649
79678,00507V10,ATVI,12499,2022-08-26,78.630000,-0.005565
79678,00507V10,ATVI,12499,2022-08-29,78.750000,0.001526
79678,00507V10,ATVI,12499,2022-08-30,78.620000,-0.001651
79678,00507V10,ATVI,12499,2022-08-31,78.490000,-0.001654
79678,00507V10,ATVI,12499,2022-09-01,78.550000,0.000764
79678,00507V10,ATVI,12499,2022-09-02,77.530000,-0.012985
79678,00507V10,ATVI,12499,2022-09-06,76.840000,-0.008900
79678,00507V10,ATVI,12499,2022-09-07,77.720000,0.011452
79678,00507V10,ATVI,12499,2022-09-08,77.390000,-0.004246
79678,00507V10,ATVI,12499,2022-09-09,78.510000,0.014472
79678,00507V10,ATVI,12499,2022-09-12,78.130000,-0.004840
79678,00507V10,ATVI,12499,2022-09-13,76.760000,-0.017535
79678,00507V10,ATVI,12499,2022-09-14,76.600000,-0.002084
79678,00507V10,ATVI,12499,2022-09-15,76.830000,0.003003
79678,00507V10,ATVI,12499,2022-09-16,76.020000,-0.010543
79678,00507V10,ATVI,12499,2022-09-19,75.940000,-0.001052
79678,00507V10,ATVI,12499,2022-09-20,75.040000,-0.011851
79678,00507V10,ATVI,12499,2022-09-21,75.320000,0.003731
79678,00507V10,ATVI,12499,2022-09-22,77.030000,0.022703
79678,00507V10,ATVI,12499,2022-09-23,74.950000,-0.027002
79678,00507V10,ATVI,12499,2022-09-26,74.330000,-0.008272
79678,00507V10,ATVI,12499,2022-09-27,74.860000,0.007130
79678,00507V10,ATVI,12499,2022-09-28,75.390000,0.007080
79678,00507V10,ATVI,12499,2022-09-29,74.870000,-0.006897
79678,00507V10,ATVI,12499,2022-09-30,74.340000,-0.007079
79678,00507V10,ATVI,12499,2022-10-03,74.360000,0.000269
79678,00507V10,ATVI,12499,2022-10-04,75.000000,0.008607
79678,00507V10,ATVI,12499,2022-10-05,74.110000,-0.011867
79678,00507V10,ATVI,12499,2022-10-06,73.830000,-0.003778
79678,00507V10,ATVI,12499,2022-10-07,73.350000,-0.006501
79678,00507V10,ATVI,12499,2022-10-10,73.750000,0.005453
79678,00507V10,ATVI,12499,2022-10-11,73.550000,-0.002712
79678,00507V10,ATVI,12499,2022-10-12,73.500000,-0.000680
79678,00507V10,ATVI,12499,2022-10-13,73.120000,-0.005170
79678,00507V10,ATVI,12499,2022-10-14,72.130000,-0.013539
79678,00507V10,ATVI,12499,2022-10-17,71.760000,-0.005130
79678,00507V10,ATVI,12499,2022-10-18,72.260000,0.006968
79678,00507V10,ATVI,12499,2022-10-19,72.210000,-0.000692
79678,00507V10,ATVI,12499,2022-10-20,73.310000,0.015233
79678,00507V10,ATVI,12499,2022-10-21,72.710000,-0.008184
79678,00507V10,ATVI,12499,2022-10-24,72.510000,-0.002751
79678,00507V10,ATVI,12499,2022-10-25,72.500000,-0.000138
79678,00507V10,ATVI,12499,2022-10-26,72.480000,-0.000276
79678,00507V10,ATVI,12499,2022-10-27,72.500000,0.000276
79678,00507V10,ATVI,12499,2022-10-28,72.850000,0.004828
79678,00507V10,ATVI,12499,2022-10-31,72.800000,-0.000686
79678,00507V10,ATVI,12499,2022-11-01,73.310000,0.007005
79678,00507V10,ATVI,12499,2022-11-02,72.660000,-0.008866
79678,00507V10,ATVI,12499,2022-11-03,71.900000,-0.010460
79678,00507V10,ATVI,12499,2022-11-04,71.960000,0.000834
79678,00507V10,ATVI,12499,2022-11-07,71.100000,-0.011951
79678,00507V10,ATVI,12499,2022-11-08,72.000000,0.012658
79678,00507V10,ATVI,12499,2022-11-09,71.660000,-0.004722
79678,00507V10,ATVI,12499,2022-11-10,73.620000,0.027351
79678,00507V10,ATVI,12499,2022-11-11,74.140000,0.007063
79678,00507V10,ATVI,12499,2022-11-14,73.960000,-0.002428
79678,00507V10,ATVI,12499,2022-11-15,73.880000,-0.001082
79678,00507V10,ATVI,12499,2022-11-16,74.350000,0.006362
79678,00507V10,ATVI,12499,2022-11-17,73.810000,-0.007263
79678,00507V10,ATVI,12499,2022-11-18,74.100000,0.003929
79678,00507V10,ATVI,12499,2022-11-21,74.800000,0.009447
79678,00507V10,ATVI,12499,2022-11-22,75.880000,0.014439
79678,00507V10,ATVI,12499,2022-11-23,76.590000,0.009357
79678,00507V10,ATVI,12499,2022-11-25,73.470000,-0.040736
79678,00507V10,ATVI,12499,2022-11-28,74.720000,0.017014
79678,00507V10,ATVI,12499,2022-11-29,74.340000,-0.005086
79678,00507V10,ATVI,12499,2022-11-30,73.950000,-0.005246
79678,00507V10,ATVI,12499,2022-12-01,75.190000,0.016768
79678,00507V10,ATVI,12499,2022-12-02,75.760000,0.007581
79678,00507V10,ATVI,12499,2022-12-05,76.330000,0.007524
79678,00507V10,ATVI,12499,2022-12-06,76.110000,-0.002882
79678,00507V10,ATVI,12499,2022-12-07,75.930000,-0.002365
79678,00507V10,ATVI,12499,2022-12-08,74.760000,-0.015409
79678,00507V10,ATVI,12499,2022-12-09,75.160000,0.005350
79678,00507V10,ATVI,12499,2022-12-12,77.360000,0.029271
79678,00507V10,ATVI,12499,2022-12-13,76.730000,-0.008144
79678,00507V10,ATVI,12499,2022-12-14,77.040000,0.004040
79678,00507V10,ATVI,12499,2022-12-15,76.370000,-0.008697
79678,00507V10,ATVI,12499,2022-12-16,76.080000,-0.003797
79678,00507V10,ATVI,12499,2022-12-19,75.990000,-0.001183
79678,00507V10,ATVI,12499,2022-12-20,75.880000,-0.001448
79678,00507V10,ATVI,12499,2022-12-21,75.890000,0.000132
79678,00507V10,ATVI,12499,2022-12-22,75.700000,-0.002504
79678,00507V10,ATVI,12499,2022-12-23,75.950000,0.003303
79678,00507V10,ATVI,12499,2022-12-27,75.790000,-0.002107
79678,00507V10,ATVI,12499,2022-12-28,76.050000,0.003431
79678,00507V10,ATVI,12499,2022-12-29,76.760000,0.009336
79678,00507V10,ATVI,12499,2022-12-30,76.550000,-0.002736
79678,00507V10,ATVI,12499,2023-01-03,76.880000,0.004311
79678,00507V10,ATVI,12499,2023-01-04,76.840000,-0.000520
79678,00507V10,ATVI,12499,2023-01-05,76.960000,0.001562
79678,00507V10,ATVI,12499,2023-01-06,77.590000,0.008186
79678,00507V10,ATVI,12499,2023-01-09,77.220000,-0.004769
79678,00507V10,ATVI,12499,2023-01-10,77.690000,0.006087
79678,00507V10,ATVI,12499,2023-01-11,77.000000,-0.008881
79678,00507V10,ATVI,12499,2023-01-12,76.900000,-0.001299
79678,00507V10,ATVI,12499,2023-01-13,76.660000,-0.003121
79678,00507V10,ATVI,12499,2023-01-17,74.560000,-0.027394
79678,00507V10,ATVI,12499,2023-01-18,74.480000,-0.001073
79678,00507V10,ATVI,12499,2023-01-19,73.760000,-0.009667
79678,00507V10,ATVI,12499,2023-01-20,73.840000,0.001085
79678,00507V10,ATVI,12499,2023-01-23,75.220000,0.018689
79678,00507V10,ATVI,12499,2023-01-24,75.110000,-0.001462
79678,00507V10,ATVI,12499,2023-01-25,74.640000,-0.006257
79678,00507V10,ATVI,12499,2023-01-26,75.600000,0.012862
79678,00507V10,ATVI,12499,2023-01-27,76.610000,0.013360
79678,00507V10,ATVI,12499,2023-01-30,75.960000,-0.008485
79678,00507V10,ATVI,12499,2023-01-31,76.570000,0.008031
79678,00507V10,ATVI,12499,2023-02-01,76.700000,0.001698
79678,00507V10,ATVI,12499,2023-02-02,77.110000,0.005346
79678,00507V10,ATVI,12499,2023-02-03,75.240000,-0.024251
79678,00507V10,ATVI,12499,2023-02-06,71.580000,-0.048644
79678,00507V10,ATVI,12499,2023-02-07,75.600000,0.056161
79678,00507V10,ATVI,12499,2023-02-08,72.890000,-0.035847
79678,00507V10,ATVI,12499,2023-02-09,75.260000,0.032515
79678,00507V10,ATVI,12499,2023-02-10,75.450000,0.002525
79678,00507V10,ATVI,12499,2023-02-13,76.590000,0.015109
79678,00507V10,ATVI,12499,2023-02-14,76.780000,0.002481
79678,00507V10,ATVI,12499,2023-02-15,77.700000,0.011982
79678,00507V10,ATVI,12499,2023-02-16,77.510000,-0.002445
79678,00507V10,ATVI,12499,2023-02-17,77.570000,0.000774
79678,00507V10,ATVI,12499,2023-02-21,77.000000,-0.007348
79678,00507V10,ATVI,12499,2023-02-22,77.120000,0.001558
79678,00507V10,ATVI,12499,2023-02-23,77.070000,-0.000648
79678,00507V10,ATVI,12499,2023-02-24,76.820000,-0.003244
79678,00507V10,ATVI,12499,2023-02-27,76.740000,-0.001041
79678,00507V10,ATVI,12499,2023-02-28,76.250000,-0.006385
79678,00507V10,ATVI,12499,2023-03-01,75.720000,-0.006951
79678,00507V10,ATVI,12499,2023-03-02,77.710000,0.026281
79678,00507V10,ATVI,12499,2023-03-03,79.390000,0.021619
79678,00507V10,ATVI,12499,2023-03-06,79.630000,0.003023
79678,00507V10,ATVI,12499,2023-03-07,79.260000,-0.004646
79678,00507V10,ATVI,12499,2023-03-08,79.480000,0.002776
79678,00507V10,ATVI,12499,2023-03-09,78.370000,-0.013966
79678,00507V10,ATVI,12499,2023-03-10,77.970000,-0.005104
79678,00507V10,ATVI,12499,2023-03-13,78.140000,0.002180
79678,00507V10,ATVI,12499,2023-03-14,79.090000,0.012158
79678,00507V10,ATVI,12499,2023-03-15,79.260000,0.002149
79678,00507V10,ATVI,12499,2023-03-16,79.870000,0.007696
79678,00507V10,ATVI,12499,2023-03-17,78.990000,-0.011018
79678,00507V10,ATVI,12499,2023-03-20,79.340000,0.004431
79678,00507V10,ATVI,12499,2023-03-21,79.750000,0.005168
79678,00507V10,ATVI,12499,2023-03-22,78.640000,-0.013918
79678,00507V10,ATVI,12499,2023-03-23,79.680000,0.013225
79678,00507V10,ATVI,12499,2023-03-24,84.390000,0.059111
79678,00507V10,ATVI,12499,2023-03-27,84.330000,-0.000711
79678,00507V10,ATVI,12499,2023-03-28,84.350000,0.000237
79678,00507V10,ATVI,12499,2023-03-29,84.540000,0.002253
79678,00507V10,ATVI,12499,2023-03-30,84.890000,0.004140
79678,00507V10,ATVI,12499,2023-03-31,85.590000,0.008246
79678,00507V10,ATVI,12499,2023-04-03,85.330000,-0.003038
79678,00507V10,ATVI,12499,2023-04-04,85.110000,-0.002578
79678,00507V10,ATVI,12499,2023-04-05,85.380000,0.003172
79678,00507V10,ATVI,12499,2023-04-06,85.220000,-0.001874
79678,00507V10,ATVI,12499,2023-04-10,85.480000,0.003051
79678,00507V10,ATVI,12499,2023-04-11,85.090000,-0.004562
79678,00507V10,ATVI,12499,2023-04-12,84.950000,-0.001645
79678,00507V10,ATVI,12499,2023-04-13,85.580000,0.007416
79678,00507V10,ATVI,12499,2023-04-14,85.270000,-0.003622
79678,00507V10,ATVI,12499,2023-04-17,85.500000,0.002697
79678,00507V10,ATVI,12499,2023-04-18,85.550000,0.000585
79678,00507V10,ATVI,12499,2023-04-19,85.500000,-0.000584
79678,00507V10,ATVI,12499,2023-04-20,85.570000,0.000819
79678,00507V10,ATVI,12499,2023-04-21,85.530000,-0.000467
79678,00507V10,ATVI,12499,2023-04-24,86.090000,0.006547
79678,00507V10,ATVI,12499,2023-04-25,86.740000,0.007550
79678,00507V10,ATVI,12499,2023-04-26,76.810000,-0.114480
79678,00507V10,ATVI,12499,2023-04-27,77.610000,0.010415
79678,00507V10,ATVI,12499,2023-04-28,77.710000,0.001288
79678,00507V10,ATVI,12499,2023-05-01,77.430000,-0.003603
79678,00507V10,ATVI,12499,2023-05-02,76.000000,-0.018468
79678,00507V10,ATVI,12499,2023-05-03,75.230000,-0.010132
79678,00507V10,ATVI,12499,2023-05-04,74.590000,-0.008507
79678,00507V10,ATVI,12499,2023-05-05,76.000000,0.018903
79678,00507V10,ATVI,12499,2023-05-08,75.550000,-0.005921
79678,00507V10,ATVI,12499,2023-05-09,75.510000,-0.000529
79678,00507V10,ATVI,12499,2023-05-10,76.000000,0.006489
79678,00507V10,ATVI,12499,2023-05-11,77.040000,0.013684
79678,00507V10,ATVI,12499,2023-05-12,77.370000,0.004283
79678,00507V10,ATVI,12499,2023-05-15,78.330000,0.012408
79678,00507V10,ATVI,12499,2023-05-16,77.780000,-0.007022
79678,00507V10,ATVI,12499,2023-05-17,77.890000,0.001414
79678,00507V10,ATVI,12499,2023-05-18,78.190000,0.003852
79678,00507V10,ATVI,12499,2023-05-19,78.590000,0.005116
79678,00507V10,ATVI,12499,2023-05-22,79.060000,0.005980
79678,00507V10,ATVI,12499,2023-05-23,79.130000,0.000885
79678,00507V10,ATVI,12499,2023-05-24,77.810000,-0.016681
79678,00507V10,ATVI,12499,2023-05-25,77.140000,-0.008611
79678,00507V10,ATVI,12499,2023-05-26,78.660000,0.019704
79678,00507V10,ATVI,12499,2023-05-30,80.020000,0.017290
79678,00507V10,ATVI,12499,2023-05-31,80.200000,0.002249
79678,00507V10,ATVI,12499,2023-06-01,80.200000,0.000000
79678,00507V10,ATVI,12499,2023-06-02,80.500000,0.003741
79678,00507V10,ATVI,12499,2023-06-05,80.840000,0.004224
79678,00507V10,ATVI,12499,2023-06-06,80.880000,0.000495
79678,00507V10,ATVI,12499,2023-06-07,80.500000,-0.004698
79678,00507V10,ATVI,12499,2023-06-08,80.020000,-0.005963
79678,00507V10,ATVI,12499,2023-06-09,80.380000,0.004499
79678,00507V10,ATVI,12499,2023-06-12,79.770000,-0.007589
79678,00507V10,ATVI,12499,2023-06-13,80.700000,0.011659
79678,00507V10,ATVI,12499,2023-06-14,81.230000,0.006568
79678,00507V10,ATVI,12499,2023-06-15,81.450000,0.002708
79678,00507V10,ATVI,12499,2023-06-16,81.970000,0.006384
79678,00507V10,ATVI,12499,2023-06-20,81.890000,-0.000976
79678,00507V10,ATVI,12499,2023-06-21,80.940000,-0.011601
79678,00507V10,ATVI,12499,2023-06-22,82.300000,0.016803
79678,00507V10,ATVI,12499,2023-06-23,81.900000,-0.004860
79678,00507V10,ATVI,12499,2023-06-26,83.400000,0.018315
79678,00507V10,ATVI,12499,2023-06-27,84.130000,0.008753
79678,00507V10,ATVI,12499,2023-06-28,83.600000,-0.006300
79678,00507V10,ATVI,12499,2023-06-29,83.080000,-0.006220
79678,00507V10,ATVI,12499,2023-06-30,84.300000,0.014685
79678,00507V10,ATVI,12499,2023-07-03,83.340000,-0.011388
79678,00507V10,ATVI,12499,2023-07-05,82.870000,-0.005640
79678,00507V10,ATVI,12499,2023-07-06,82.700000,-0.002051
79678,00507V10,ATVI,12499,2023-07-07,82.430000,-0.003265
79678,00507V10,ATVI,12499,2023-07-10,82.700000,0.003276
79678,00507V10,ATVI,12499,2023-07-11,90.990000,0.100242
79678,00507V10,ATVI,12499,2023-07-12,90.000000,-0.010880
79678,00507V10,ATVI,12499,2023-07-13,89.540000,-0.005111
79678,00507V10,ATVI,12499,2023-07-14,90.070000,0.005919
79678,00507V10,ATVI,12499,2023-07-17,93.210000,0.034862
79678,00507V10,ATVI,12499,2023-07-18,92.740000,-0.005042
79678,00507V10,ATVI,12499,2023-07-19,92.200000,-0.005823
79678,00507V10,ATVI,12499,2023-07-20,92.290000,0.000976
79678,00507V10,ATVI,12499,2023-07-21,91.910000,-0.004117
79678,00507V10,ATVI,12499,2023-07-24,92.550000,0.006963
79678,00507V10,ATVI,12499,2023-07-25,92.730000,0.001945
79678,00507V10,ATVI,12499,2023-07-26,92.670000,-0.000647
79678,00507V10,ATVI,12499,2023-07-27,92.140000,-0.005719
79678,00507V10,ATVI,12499,2023-07-28,92.530000,0.004233
79678,00507V10,ATVI,12499,2023-07-31,92.760000,0.002486
79678,00507V10,ATVI,12499,2023-08-01,91.890000,-0.009379
79678,00507V10,ATVI,12499,2023-08-02,91.630000,-0.002829
79678,00507V10,ATVI,12499,2023-08-03,91.680000,0.000546
79678,00507V10,ATVI,12499,2023-08-04,91.580000,-0.001091
79678,00507V10,ATVI,12499,2023-08-07,91.570000,-0.000109
79678,00507V10,ATVI,12499,2023-08-08,91.590000,0.000218
79678,00507V10,ATVI,12499,2023-08-09,91.440000,-0.001638
79678,00507V10,ATVI,12499,2023-08-10,91.420000,-0.000219
79678,00507V10,ATVI,12499,2023-08-11,91.210000,-0.002297
79678,00507V10,ATVI,12499,2023-08-14,90.790000,-0.004605
79678,00507V10,ATVI,12499,2023-08-15,90.910000,0.001322
79678,00507V10,ATVI,12499,2023-08-16,90.850000,-0.000660
79678,00507V10,ATVI,12499,2023-08-17,90.430000,-0.004623
79678,00507V10,ATVI,12499,2023-08-18,90.470000,0.000442
79678,00507V10,ATVI,12499,2023-08-21,90.720000,0.002763
79678,00507V10,ATVI,12499,2023-08-22,91.660000,0.010362
79678,00507V10,ATVI,12499,2023-08-23,91.740000,0.000873
79678,00507V10,ATVI,12499,2023-08-24,91.410000,-0.003597
79678,00507V10,ATVI,12499,2023-08-25,91.660000,0.002735
79678,00507V10,ATVI,12499,2023-08-28,91.770000,0.001200
79678,00507V10,ATVI,12499,2023-08-29,91.980000,0.002288
79678,00507V10,ATVI,12499,2023-08-30,91.980000,0.000000
79678,00507V10,ATVI,12499,2023-08-31,91.990000,0.000109
79678,00507V10,ATVI,12499,2023-09-01,92.040000,0.000544
79678,00507V10,ATVI,12499,2023-09-05,92.030000,-0.000109
79678,00507V10,ATVI,12499,2023-09-06,92.070000,0.000435
79678,00507V10,ATVI,12499,2023-09-07,92.010000,-0.000652
79678,00507V10,ATVI,12499,2023-09-08,92.120000,0.001196
79678,00507V10,ATVI,12499,2023-09-11,92.180000,0.000651
79678,00507V10,ATVI,12499,2023-09-12,92.130000,-0.000542
79678,00507V10,ATVI,12499,2023-09-13,92.270000,0.001520
79678,00507V10,ATVI,12499,2023-09-14,92.220000,-0.000542
79678,00507V10,ATVI,12499,2023-09-15,91.820000,-0.004337
79678,00507V10,ATVI,12499,2023-09-18,91.910000,0.000980
79678,00507V10,ATVI,12499,2023-09-19,92.070000,0.001741
79678,00507V10,ATVI,12499,2023-09-20,92.560000,0.005322
79678,00507V10,ATVI,12499,2023-09-21,92.350000,-0.002269
79678,00507V10,ATVI,12499,2023-09-22,93.920000,0.017001
79678,00507V10,ATVI,12499,2023-09-25,94.050000,0.001384
79678,00507V10,ATVI,12499,2023-09-26,94.000000,-0.000532
79678,00507V10,ATVI,12499,2023-09-27,93.920000,-0.000851
79678,00507V10,ATVI,12499,2023-09-28,93.540000,-0.004046
79678,00507V10,ATVI,12499,2023-09-29,93.630000,0.000962
79678,00507V10,ATVI,12499,2023-10-02,93.940000,0.003311
79678,00507V10,ATVI,12499,2023-10-03,93.890000,-0.000532
79678,00507V10,ATVI,12499,2023-10-04,93.750000,-0.001491
79678,00507V10,ATVI,12499,2023-10-05,93.670000,-0.000853
79678,00507V10,ATVI,12499,2023-10-06,94.240000,0.006085
79678,00507V10,ATVI,12499,2023-10-09,94.340000,0.001061
79678,00507V10,ATVI,12499,2023-10-10,94.340000,0.000000
79678,00507V10,ATVI,12499,2023-10-11,94.470000,0.001378
79678,00507V10,ATVI,12499,2023-10-12,94.420000,-0.000529
